playerid,PlayerName,ADP,Team,ShortName,GS,G,SV,HLD,BS,IP,TBF,H,R,ER,HR,SO,BB,HBP
27498,Spencer Strider,7.449999809265137,ATL,Braves,31,31,0,0,,185,752,139,70,65,21,257,62,8
10310,Zack Wheeler,25.31999969482422,PHI,Phillies,32,32,0,0,,200,822,181,86,79,24,203,48,9
14107,Kevin Gausman,27.610000610351562,TOR,Blue Jays,32,32,0,0,,196,807,169,82,76,25,224,52,5
16149,Aaron Nola,50.650001525878906,PHI,Phillies,32,32,0,0,,198,818,185,90,84,28,205,45,7
17995,Logan Webb,62.189998626708984,SFG,Giants,32,32,0,0,,204,853,205,89,80,18,183,45,8
17085,Pablo López,35.130001068115234,MIN,Twins,32,32,0,0,,196,811,174,83,76,23,217,54,9
17295,Framber Valdez,60.68000030517578,HOU,Astros,31,31,0,0,,195,811,179,81,74,17,198,63,10
22267,Tarik Skubal,50.130001068115234,DET,Tigers,29,29,0,0,,171,702,148,69,63,20,198,46,6
19361,Corbin Burnes,24.649999618530273,MIL,Brewers,32,32,0,0,,200,838,178,89,82,25,221,63,9
14374,Tyler Glasnow,37.45000076293945,LAD,Dodgers,26,26,0,0,,154,632,128,65,60,19,192,48,4
19291,Zac Gallen,38.84000015258789,ARI,Diamondbacks,32,32,0,0,,199,834,188,91,84,24,205,55,8
13125,Gerrit Cole,12.710000038146973,NYY,Yankees,32,32,0,0,,203,840,180,90,84,30,228,54,7
25436,George Kirby,34.970001220703125,SEA,Mariners,32,32,0,0,,194,796,184,84,78,25,186,33,8
13743,Max Fried,63.38999938964844,ATL,Braves,31,31,0,0,,185,773,181,80,73,20,176,46,7
15689,Luis Castillo,28.549999237060547,SEA,Mariners,32,32,0,0,,197,825,177,86,79,25,208,60,8
13774,Zach Eflin,83.2300033569336,TBR,Rays,31,31,0,0,,184,759,176,81,74,23,178,35,6
sa3023345,Yoshinobu Yamamoto,44.2599983215332,LAD,Dodgers,29,29,0,0,,184,768,171,87,81,27,200,50,7
17312,Justin Steele,100.41999816894531,CHC,Cubs,31,31,0,0,,181,756,171,81,74,20,174,55,8
19959,Jesús Luzardo,79.3499984741211,MIA,Marlins,31,31,0,0,,181,761,160,81,75,23,206,63,7
31838,Kodai Senga,66.44999694824219,NYM,Mets,31,31,0,0,,187,793,160,84,78,22,215,79,7
13543,Blake Snell,64.97000122070312,,,31,31,0,0,,176,749,144,78,72,21,221,82,5
18679,Freddy Peralta,52.130001068115234,MIL,Brewers,29,29,0,0,,165,689,137,73,68,22,197,58,8
16511,Jordan Montgomery,140.83999633789062,,,32,32,0,0,,193,815,190,92,85,25,176,53,7
12768,Sonny Gray,116.2300033569336,STL,Cardinals,31,31,0,0,,180,764,170,83,77,20,172,59,8
16137,Carlos Rodón,159.7100067138672,NYY,Yankees,29,29,0,0,,163,683,138,73,69,24,194,52,7
19427,Shane Bieber,186.77000427246094,CLE,Guardians,31,31,0,0,,193,813,189,91,84,25,182,51,6
13164,Eduardo Rodriguez,194.22999572753906,ARI,Diamondbacks,31,31,0,0,,177,754,172,85,78,21,169,58,6
22250,Logan Gilbert,64.29000091552734,SEA,Mariners,32,32,0,0,,189,785,177,87,81,27,188,45,6
10603,Chris Sale,149.38999938964844,ATL,Braves,26,26,0,0,,141,586,124,63,59,19,163,41,7
17594,Mitch Keller,169.80999755859375,PIT,Pirates,32,32,0,0,,192,824,187,97,90,23,179,68,10
12970,Joe Musgrove,101.9000015258789,SDP,Padres,29,29,0,0,,177,743,166,82,75,23,175,46,12
24492,Grayson Rodriguez,999.0,BAL,Orioles,29,29,0,0,,166,692,144,72,66,20,181,57,6
22182,Hunter Greene,139.5500030517578,CIN,Reds,28,28,0,0,,159,674,137,80,75,26,195,63,9
18525,Dylan Cease,111.58000183105469,CHW,White Sox,31,31,0,0,,178,768,157,88,82,26,201,76,8
13074,Yu Darvish,214.05999755859375,SDP,Padres,29,29,0,0,,175,734,164,86,81,27,177,47,9
sa3023346,Shota Imanaga,999.0,CHC,Cubs,26,26,0,0,,148,617,139,68,63,20,150,40,5
21846,Cole Ragans,108.7699966430664,KCR,Royals,29,29,0,0,,177,759,160,84,77,21,186,75,7
21390,Joe Ryan,83.0,MIN,Twins,31,31,0,0,,179,747,161,85,80,29,197,48,8
21844,Braxton Garrett,181.02999877929688,MIA,Marlins,29,29,0,0,,164,697,163,79,72,20,153,46,9
8700,Justin Verlander,129.38999938964844,HOU,Astros,29,29,0,0,,178,747,171,89,83,28,168,46,7
27468,Reid Detmers,231.0,LAA,Angels,31,31,0,0,,177,756,161,89,83,26,190,69,10
24586,Kyle Bradish,86.3499984741211,BAL,Orioles,31,31,0,0,,181,765,171,85,78,22,178,57,8
27483,Bobby Miller,999.0,LAD,Dodgers,26,26,0,0,,151,638,144,73,67,20,150,45,7
23920,Brayan Bello,238.97000122070312,BOS,Red Sox,29,29,0,0,,169,731,176,88,81,19,146,57,7
11156,Merrill Kelly,152.02999877929688,ARI,Diamondbacks,31,31,0,0,,185,794,181,93,86,24,176,66,6
25880,Hunter Brown,181.5500030517578,HOU,Astros,26,34,0,1,,151,638,138,69,63,16,160,56,6
12304,Chris Bassitt,140.2899932861328,TOR,Blue Jays,32,32,0,0,,196,836,192,99,92,28,174,60,11
15474,Lucas Giolito,220.5800018310547,BOS,Red Sox,31,31,0,0,,181,780,175,98,92,28,185,68,7
17277,Ranger Suárez,344.4200134277344,PHI,Phillies,28,28,0,0,,155,665,153,76,69,18,135,58,5
9132,Nathan Eovaldi,203.64999389648438,TEX,Rangers,29,29,0,0,,174,741,175,88,82,25,159,49,7
14168,José Berríos,168.61000061035156,TOR,Blue Jays,31,31,0,0,,179,761,174,89,82,26,168,50,9
26378,Nick Lodolo,249.4199981689453,CIN,Reds,19,32,0,1,,121,508,106,55,51,16,142,42,9
11828,James Paxton,362.4800109863281,,,26,26,0,0,,142,600,131,68,63,20,146,49,5
2520,Lance Lynn,305.8399963378906,STL,Cardinals,31,31,0,0,,176,752,172,91,85,27,161,55,8
19447,Patrick Sandoval,442.05999755859375,LAA,Angels,29,29,0,0,,166,714,159,83,77,20,153,72,6
22201,MacKenzie Gore,295.05999755859375,WSN,Nationals,28,28,0,0,,152,652,138,75,70,21,160,64,6
20633,Yusei Kikuchi,240.47999572753906,TOR,Blue Jays,29,29,0,0,,156,654,140,75,69,23,162,56,6
29911,Andrew Abbott,261.260009765625,CIN,Reds,24,24,0,0,,134,574,124,70,66,22,147,53,5
4676,Charlie Morton,241.97000122070312,ATL,Braves,29,29,0,0,,165,716,153,83,77,21,178,68,11
19867,Griffin Canning,278.260009765625,LAA,Angels,26,26,0,0,,144,611,137,72,67,22,148,48,6
13431,Marcus Stroman,279.0299987792969,NYY,Yankees,29,29,0,0,,167,717,169,82,75,20,142,53,6
27768,Eury Pérez,77.41999816894531,MIA,Marlins,24,24,0,0,,132,557,117,64,60,19,147,45,6
14309,Frankie Montas,340.3500061035156,CIN,Reds,26,26,0,0,,150,639,148,79,74,24,144,50,6
14916,Jon Gray,314.5199890136719,TEX,Rangers,29,29,0,0,,166,711,162,86,80,24,160,56,8
25377,Brady Singer,445.7099914550781,KCR,Royals,29,29,0,0,,169,732,179,89,82,21,139,51,9
12447,Seth Lugo,267.05999755859375,KCR,Royals,28,28,0,0,,156,670,160,82,76,21,135,49,6
10123,Kyle Gibson,428.05999755859375,STL,Cardinals,31,31,0,0,,178,772,187,93,85,23,141,58,8
18498,Kenta Maeda,244.5500030517578,DET,Tigers,24,34,0,1,,142,601,135,70,65,20,144,40,6
15454,Nick Pivetta,171.16000366210938,BOS,Red Sox,28,36,0,1,,163,701,153,86,80,24,179,63,6
21224,Bailey Ober,152.8699951171875,MIN,Twins,28,28,0,0,,155,657,152,78,74,25,151,38,6
21029,Jhoan Duran,52.290000915527344,MIN,Twins,0,66,28,2,,66,269,49,22,19,4,91,25,3
9803,Miles Mikolas,416.8399963378906,STL,Cardinals,31,31,0,0,,184,783,199,99,92,28,131,41,7
15873,Sean Manaea,354.1600036621094,NYM,Mets,24,38,0,1,,148,624,136,70,65,21,152,48,6
27552,Graham Ashcraft,383.8699951171875,CIN,Reds,28,28,0,0,,161,707,175,93,86,23,125,57,9
19853,Michael King,142.89999389648438,SDP,Padres,23,33,0,1,,137,584,125,64,59,17,140,51,6
14710,Edwin Díaz,43.31999969482422,NYM,Mets,0,64,35,1,,64,260,44,22,20,6,95,23,3
19479,Aaron Civale,204.5800018310547,TBR,Rays,26,26,0,0,,148,627,144,73,68,21,142,41,7
20778,Cristopher Sánchez,239.32000732421875,PHI,Phillies,23,36,0,1,,139,598,139,68,63,16,119,50,7
30134,Tanner Bibee,104.87000274658203,CLE,Guardians,28,28,0,0,,164,693,155,82,76,25,159,51,6
21690,Edward Cabrera,294.260009765625,MIA,Marlins,26,26,0,0,,139,605,123,69,64,16,153,70,7
14444,Hyun Jin Ryu,478.05999755859375,,,26,26,0,0,,141,603,152,74,68,20,103,37,4
22264,Shane Baz,196.52000427246094,TBR,Rays,19,25,0,1,,115,477,101,51,47,15,126,35,5
22286,Trevor Rogers,346.260009765625,MIA,Marlins,24,24,0,0,,131,557,123,64,59,17,131,47,6
24968,Reese Olson,270.45001220703125,DET,Tigers,26,26,0,0,,146,629,141,74,69,19,139,54,6
2036,Clayton Kershaw,483.80999755859375,,,16,16,0,0,,91,381,85,40,37,11,91,25,3
19374,Walker Buehler,107.80999755859375,LAD,Dodgers,23,23,0,0,,131,558,130,68,63,20,123,39,5
20099,Chris Paddack,321.6099853515625,MIN,Twins,23,40,0,1,,143,604,146,74,69,21,125,35,5
11674,Jameson Taillon,308.80999755859375,CHC,Cubs,29,29,0,0,,164,701,169,89,84,27,140,44,6
19879,Tanner Houck,413.1000061035156,BOS,Red Sox,23,37,0,1,,136,587,136,70,64,16,127,49,8
13361,Steven Matz,345.1600036621094,STL,Cardinals,19,29,0,1,,116,485,110,55,50,15,109,34,4
17780,José Alvarado,179.32000732421875,PHI,Phillies,0,74,22,6,,74,309,56,27,25,6,97,36,4
17874,Nestor Cortes,275.5799865722656,NYY,Yankees,23,33,0,1,,137,580,126,68,64,23,143,42,5
19409,Dane Dunning,366.1000061035156,TEX,Rangers,29,29,0,0,,164,719,171,90,83,22,139,59,9
3137,Max Scherzer,342.05999755859375,TEX,Rangers,16,16,0,0,,94,393,85,45,42,15,105,25,4
15423,Andrew Heaney,361.9700012207031,TEX,Rangers,26,37,0,1,,148,631,137,75,71,24,155,52,8
20531,Kutter Crawford,280.5199890136719,BOS,Red Sox,26,37,0,1,,148,636,148,81,77,24,141,47,6
17998,Pete Fairbanks,90.12999725341797,TBR,Rays,0,66,30,3,,66,270,48,24,22,6,90,26,3
11423,José Quintana,411.4200134277344,NYM,Mets,29,29,0,0,,168,728,170,85,79,22,141,59,5
12703,Trevor Bauer,448.45001220703125,,,18,18,0,0,,103,433,93,49,46,15,112,32,4
15890,Luis Severino,309.1600036621094,NYM,Mets,26,26,0,0,,144,617,140,74,68,22,138,47,6
11836,Taijuan Walker,414.45001220703125,PHI,Phillies,31,31,0,0,,175,762,182,99,92,27,136,64,8
27782,Brandon Pfaadt,208.67999267578125,ARI,Diamondbacks,26,26,0,0,,142,600,140,74,70,22,129,38,7
22543,Taj Bradley,259.1000061035156,TBR,Rays,21,56,0,1,,149,630,136,72,67,22,155,49,6
14078,Michael Wacha,289.0299987792969,KCR,Royals,28,28,0,0,,156,673,164,87,81,24,130,48,6
23429,JP Sears,394.9700012207031,OAK,Athletics,29,29,0,0,,170,722,162,87,82,27,155,54,9
18000,Triston McKenzie,242.97000122070312,CLE,Guardians,26,26,0,0,,150,639,140,78,74,25,152,53,5
6562,Alex Cobb,423.4200134277344,SFG,Giants,16,16,0,0,,89,378,90,41,37,8,80,25,3
14765,Julio Urías,648.739990234375,LAD,Dodgers,18,18,0,0,,101,425,98,49,46,15,95,26,4
27758,Kyle Harrison,270.9700012207031,SFG,Giants,24,24,0,0,,140,608,124,69,64,19,155,64,9
17479,Jack Flaherty,374.7099914550781,DET,Tigers,28,28,0,0,,155,679,152,82,76,21,149,62,9
18138,Ryan Helsley,93.16000366210938,STL,Cardinals,0,65,29,4,,65,269,49,25,23,7,85,28,2
31757,Mason Miller,215.02999877929688,OAK,Athletics,0,68,18,7,,68,277,49,24,22,7,94,26,3
12049,Kyle Hendricks,431.1000061035156,CHC,Cubs,28,28,0,0,,158,688,175,90,84,25,111,40,7
27589,Logan Allen,336.3900146484375,CLE,Guardians,26,26,0,0,,143,613,137,71,66,20,134,52,5
17606,Cristian Javier,180.32000732421875,HOU,Astros,29,29,0,0,,162,698,149,89,84,29,173,63,7
20373,Andrés Muñoz,91.9000015258789,SEA,Mariners,0,64,25,5,,64,263,48,22,20,6,85,24,3
17586,Tanner Scott,99.61000061035156,MIA,Marlins,0,66,28,4,,66,275,51,25,22,5,86,30,3
15816,Devin Williams,41.029998779296875,MIL,Brewers,0,66,29,1,,66,275,49,25,23,6,90,31,3
30074,Chase Silseth,330.8999938964844,LAA,Angels,21,27,0,1,,120,519,116,63,58,16,115,50,5
19899,Clarke Schmidt,346.5199890136719,NYY,Yankees,26,26,0,0,,138,594,137,72,67,21,120,46,7
30122,Gavin Williams,154.02999877929688,CLE,Guardians,26,26,0,0,,143,614,130,72,67,21,148,57,7
27474,Max Meyer,426.260009765625,MIA,Marlins,19,19,0,0,,110,473,109,57,53,14,98,41,4
30279,Bryan Woo,182.0,SEA,Mariners,19,38,0,1,,125,527,111,59,55,18,131,42,7
29839,Emmet Sheehan,245.19000244140625,LAD,Dodgers,19,40,0,1,,128,553,114,66,62,20,145,55,6
12808,Mike Clevinger,403.739990234375,,,26,26,0,0,,144,623,146,82,77,24,125,46,8
23499,Keaton Winn,425.8999938964844,SFG,Giants,19,49,0,1,,139,597,140,69,63,16,120,43,7
19618,Jordan Hicks,312.4800109863281,SFG,Giants,15,53,0,1,,118,505,103,52,47,10,130,57,6
8779,Wade Miley,472.19000244140625,MIL,Brewers,26,26,0,0,,145,637,156,79,73,21,108,49,6
14739,Paul Blackburn,565.0599975585938,OAK,Athletics,26,26,0,0,,147,635,151,77,72,19,119,49,6
12317,Colin Rea,533.47998046875,MIL,Brewers,21,31,0,1,,126,540,128,68,63,20,110,37,5
9323,Patrick Corbin,717.3499755859375,WSN,Nationals,29,29,0,0,,166,723,182,97,90,27,120,53,6
27691,Louie Varland,303.6499938964844,MIN,Twins,18,53,0,1,,136,576,133,67,62,19,129,40,5
18383,Michael Soroka,536.1599731445312,CHW,White Sox,21,36,0,1,,133,570,132,69,64,19,114,45,8
19569,David Bednar,60.31999969482422,PIT,Pirates,0,68,31,3,,68,286,58,30,27,8,78,24,3
21032,Emmanuel Clase,51.45000076293945,CLE,Guardians,0,66,33,2,,66,271,59,26,23,6,68,18,2
29837,Bryce Miller,184.80999755859375,SEA,Mariners,26,26,0,0,,143,609,141,73,69,23,130,38,7
13619,Jakob Junis,689.5800170898438,,,21,21,0,0,,113,486,116,61,57,17,100,34,5
19350,Dean Kremer,332.7699890136719,BAL,Orioles,31,31,0,0,,176,756,177,94,87,28,152,56,7
14212,Josh Hader,45.41999816894531,HOU,Astros,0,63,31,2,,63,262,46,25,23,8,89,28,3
6902,Martín Pérez,610.8699951171875,PIT,Pirates,26,26,0,0,,151,674,167,87,80,19,107,59,6
14843,Michael Lorenzen,535.3499755859375,,,28,28,0,0,,161,706,170,91,85,24,128,59,6
13273,Ross Stripling,572.22998046875,SFG,Giants,26,26,0,0,,144,618,155,77,72,22,114,35,5
21446,Ryan Feltner,750.2899780273438,COL,Rockies,23,23,0,0,,121,537,131,77,73,21,104,52,5
17149,Domingo Germán,562.030029296875,,,19,19,0,0,,107,462,107,58,54,17,98,34,5
27779,Bryce Elder,392.7699890136719,ATL,Braves,24,24,0,0,,138,611,150,78,72,18,108,50,7
18655,A.J. Minter,484.2300109863281,ATL,Braves,0,64,3,12,,64,266,53,26,24,7,78,22,2
16269,John Means,281.5799865722656,BAL,Orioles,23,29,0,1,,135,574,137,71,66,23,108,32,6
30094,Jordan Wicks,436.3900146484375,CHC,Cubs,21,27,0,1,,124,536,125,65,60,17,104,43,5
12730,Nick Martinez,419.1600036621094,CIN,Reds,16,46,0,1,,119,521,123,67,62,18,108,47,5
24719,Randy Vásquez,579.8400268554688,SDP,Padres,23,23,0,0,,126,553,126,69,64,17,106,52,8
1943,Zack Greinke,999.0,,,23,23,0,0,,122,526,137,67,63,20,85,25,4
24580,Josiah Gray,387.67999267578125,WSN,Nationals,31,31,0,0,,177,786,178,109,102,32,161,80,8
6632,Carlos Carrasco,747.030029296875,,,24,24,0,0,,128,557,136,72,67,19,102,44,6
12880,Tyler Anderson,605.8099975585938,LAA,Angels,29,29,0,0,,166,729,175,97,91,29,130,60,7
21992,Camilo Doval,54.970001220703125,SFG,Giants,0,66,35,2,,66,278,55,27,24,6,79,27,4
7005,Ryan Pressly,84.19000244140625,HOU,Astros,0,66,3,13,,66,274,58,27,25,7,74,20,2
17859,Adbert Alzolay,119.6500015258789,CHC,Cubs,0,67,31,3,,67,278,60,29,27,8,73,19,3
21504,Jake Irvin,999.0,WSN,Nationals,23,23,0,0,,124,544,129,73,68,20,100,48,7
17722,Trevor Megill,690.22998046875,MIL,Brewers,0,63,1,14,,63,262,50,26,24,7,80,25,3
25756,Matt Brash,252.5800018310547,SEA,Mariners,0,63,8,11,,63,262,47,23,21,6,82,27,3
13649,Clay Holmes,119.02999877929688,NYY,Yankees,0,66,32,3,,66,279,59,27,24,5,69,25,4
20302,David Peterson,633.1900024414062,NYM,Mets,11,44,0,1,,93,396,83,40,36,10,99,37,4
16561,Austin Gomber,999.0,COL,Rockies,28,28,0,0,,152,676,181,101,95,28,105,51,5
16256,Kyle Freeland,741.0599975585938,COL,Rockies,29,29,0,0,,170,760,208,115,109,32,112,51,8
15507,Hunter Harvey,287.9700012207031,WSN,Nationals,0,64,13,9,,64,267,56,28,26,8,70,21,2
17734,Evan Phillips,103.9000015258789,LAD,Dodgers,0,66,31,5,,66,277,58,29,27,8,76,22,3
23550,Aaron Ashby,413.67999267578125,MIL,Brewers,8,46,0,1,,82,348,70,35,32,8,93,36,4
14120,Lance McCullers Jr.,676.8400268554688,HOU,Astros,13,27,0,1,,88,379,84,44,40,11,86,34,4
sa3023348,Yuki Matsui,999.0,SDP,Padres,0,64,7,10,,64,268,51,26,24,7,80,27,2
25977,Quinn Priester,727.969970703125,PIT,Pirates,15,36,0,1,,102,447,105,55,51,12,82,42,5
17130,Raisel Iglesias,57.349998474121094,ATL,Braves,0,66,31,3,,66,275,58,28,26,8,77,19,2
16609,Bryan Abreu,268.80999755859375,HOU,Astros,0,67,2,16,,67,279,51,26,24,7,89,29,3
16703,Julian Merryweather,506.45001220703125,CHC,Cubs,0,64,5,12,,64,270,53,27,25,7,77,26,3
10233,Aroldis Chapman,343.7099914550781,,,0,62,5,11,,62,259,42,22,20,5,92,34,2
20492,Casey Mize,447.5199890136719,DET,Tigers,19,19,0,0,,108,471,115,60,56,16,88,32,6
20191,Garrett Whitlock,371.32000732421875,BOS,Red Sox,3,71,1,13,,86,358,83,40,37,11,87,20,3
13781,Alex Wood,680.47998046875,,,24,24,0,0,,128,561,134,71,66,18,102,46,9
27792,Gavin Stone,498.3900146484375,LAD,Dodgers,15,27,0,1,,93,399,90,48,45,13,87,35,3
21537,Daniel Lynch IV,733.5800170898438,KCR,Royals,16,27,0,1,,100,433,105,56,52,14,79,34,4
11847,Chris Martin,513.1900024414062,BOS,Red Sox,0,66,2,13,,66,276,65,30,27,7,65,16,3
16122,Jordan Romano,67.58000183105469,TOR,Blue Jays,0,66,32,1,,66,278,56,29,27,8,76,25,3
20369,Matt Manning,439.3500061035156,DET,Tigers,23,23,0,0,,124,543,132,71,67,19,93,43,5
12718,Adrian Houser,539.969970703125,NYM,Mets,23,42,0,1,,141,617,150,77,71,19,105,52,5
9761,Joe Kelly,727.7100219726562,LAD,Dodgers,0,62,1,13,,62,259,49,24,22,5,79,26,3
19343,A.J. Puk,398.05999755859375,MIA,Marlins,0,63,2,14,,63,263,54,27,25,7,71,21,3
sa3017310,Robert Gasser,999.0,MIL,Brewers,19,25,0,1,,117,505,114,63,59,19,106,41,7
19349,Caleb Ferguson,748.6500244140625,LAD,Dodgers,0,63,1,16,,63,265,53,27,25,7,73,25,3
17432,Jeff Hoffman,466.67999267578125,PHI,Phillies,0,73,2,12,,73,310,61,34,31,10,86,31,3
18323,Josh Sborz,657.260009765625,TEX,Rangers,0,64,4,12,,64,272,55,29,27,8,75,26,2
22207,DL Hall,433.3900146484375,BAL,Orioles,0,62,2,12,,62,258,48,23,21,6,80,26,3
29608,Joe Boyle,445.32000732421875,OAK,Athletics,23,29,0,1,,135,599,116,71,65,16,146,86,7
26221,Ryan Pepiot,185.7100067138672,TBR,Rays,23,31,0,1,,136,587,127,72,67,21,135,53,7
16727,Brock Stewart,610.8400268554688,MIN,Twins,0,63,2,14,,63,263,51,26,24,7,79,24,3
3096,Kenley Jansen,118.70999908447266,BOS,Red Sox,0,64,32,2,,64,272,54,31,29,9,76,26,3
sa3020678,Drew Thorpe,999.0,SDP,Padres,11,11,0,0,,65,275,62,32,30,9,59,22,2
20367,Brusdar Graterol,427.80999755859375,LAD,Dodgers,0,64,8,11,,64,270,63,29,26,6,58,19,3
20070,Bailey Falter,720.0,PIT,Pirates,15,55,0,1,,117,506,124,65,61,19,92,33,5
15467,Marco Gonzales,633.1300048828125,PIT,Pirates,24,24,0,0,,139,612,156,81,76,22,92,43,6
19574,JoJo Romero,643.969970703125,STL,Cardinals,0,64,3,15,,64,269,55,26,23,6,69,25,3
26410,Alek Manoah,371.8399963378906,TOR,Blue Jays,21,21,0,0,,117,514,114,65,61,18,107,48,9
19312,Cal Quantrill,719.0,COL,Rockies,28,28,0,0,,160,722,194,111,105,30,103,54,9
12972,Joe Ross,695.0,MIL,Brewers,13,37,0,1,,97,419,97,51,48,15,88,32,5
15009,Kyle Finnegan,229.1300048828125,WSN,Nationals,0,66,21,7,,66,280,61,32,29,8,66,26,2
11861,Jason Adam,311.6099853515625,TBR,Rays,0,64,3,12,,64,268,52,27,25,7,76,23,4
16400,Reynaldo López,454.05999755859375,ATL,Braves,0,67,2,16,,67,282,58,30,28,8,78,24,2
13594,Robert Stephenson,327.8999938964844,,,0,63,13,9,,63,265,54,29,28,9,75,23,2
21649,Luis Medina,999.0,OAK,Athletics,24,24,0,0,,136,602,130,75,69,17,121,72,7
19876,Kevin Ginkel,446.2900085449219,ARI,Diamondbacks,0,64,7,11,,64,270,57,29,27,7,69,25,3
19677,Gregory Soto,606.77001953125,PHI,Phillies,0,70,3,14,,70,296,58,30,28,8,80,32,3
25942,Andrew Nardi,545.5499877929688,MIA,Marlins,0,64,2,12,,64,272,54,29,26,7,74,28,3
19244,Cole Irvin,678.6799926757812,BAL,Orioles,18,35,0,1,,117,500,123,61,57,18,89,28,6
22361,Colin Holderman,699.0,PIT,Pirates,0,64,1,13,,64,274,59,30,27,7,65,26,3
6655,Craig Kimbrel,106.80999755859375,BAL,Orioles,0,66,26,3,,66,278,53,29,27,8,81,27,3
27463,Garrett Crochet,513.9400024414062,CHW,White Sox,6,57,0,4,,88,377,75,41,38,11,99,43,4
25385,Drew Rasmussen,589.5800170898438,TBR,Rays,6,30,0,1,,60,248,55,26,24,7,61,16,2
19206,Dakota Hudson,749.77001953125,COL,Rockies,23,33,0,1,,136,619,169,93,87,20,78,55,7
15823,Zack Littell,376.2900085449219,TBR,Rays,24,43,0,1,,156,674,164,87,81,25,126,47,6
20468,Huascar Ynoa,711.739990234375,ATL,Braves,6,41,0,1,,71,304,67,34,32,9,76,25,3
27681,Ken Waldichuk,731.8400268554688,OAK,Athletics,18,28,0,1,,105,456,99,55,51,15,97,46,6
21741,Javier Assad,477.1600036621094,CHC,Cubs,13,45,0,1,,104,454,107,57,53,15,85,40,5
4806,Rich Hill,750.2899780273438,,,18,18,0,0,,94,412,97,53,50,15,79,35,5
10078,Caleb Thielbar,750.2899780273438,MIN,Twins,0,62,1,12,,62,259,52,27,25,8,73,21,2
13449,Taylor Rogers,687.0999755859375,SFG,Giants,0,63,2,14,,63,266,55,27,25,7,73,23,3
13435,Pierce Johnson,632.8400268554688,ATL,Braves,0,63,1,13,,63,266,52,27,25,7,81,26,2
20253,Griffin Jax,508.260009765625,MIN,Twins,0,64,2,12,,64,270,59,30,27,8,67,21,3
21132,Alexis Díaz,69.97000122070312,CIN,Reds,0,68,31,3,,68,295,58,35,33,10,81,34,4
14332,Joel Payamps,515.6500244140625,MIL,Brewers,0,64,2,12,,64,270,60,30,28,8,62,20,3
sa3017787,Cade Povich,999.0,BAL,Orioles,15,15,0,0,,83,360,79,43,39,12,75,34,4
18864,Pedro Avila,720.6099853515625,SDP,Padres,18,30,0,1,,110,484,110,60,56,15,93,48,6
17425,Erick Fedde,419.94000244140625,CHW,White Sox,26,26,0,0,,146,648,160,90,84,26,107,57,5
21894,Gregory Santos,999.0,CHW,White Sox,0,63,18,6,,63,269,58,29,27,7,63,25,3
19360,Lucas Erceg,565.47998046875,OAK,Athletics,0,66,8,11,,66,283,54,29,26,7,78,32,3
7593,Jordan Lyles,746.4500122070312,KCR,Royals,19,38,0,1,,129,569,145,80,76,23,92,38,5
sa3014459,Jared Jones,999.0,PIT,Pirates,15,15,0,0,,83,366,84,47,44,12,70,34,5
27514,Kyle Hurt,543.5800170898438,LAD,Dodgers,6,39,0,1,,70,302,61,33,31,9,80,33,3
13799,Matt Strahm,477.1300048828125,PHI,Phillies,0,68,2,11,,68,281,57,29,27,9,80,21,3
11762,Noah Syndergaard,749.9400024414062,,,21,21,0,0,,115,499,130,71,67,20,77,28,6
16977,Trevor Williams,750.6500244140625,WSN,Nationals,19,40,0,1,,123,539,135,75,71,22,91,40,5
19769,Will Vest,704.0599975585938,DET,Tigers,0,62,1,15,,62,263,57,28,25,6,65,22,3
21584,Tristan Beck,717.6099853515625,SFG,Giants,15,59,0,1,,125,544,130,68,63,18,103,41,6
17969,Peter Lambert,999.0,COL,Rockies,18,39,0,1,,120,536,137,79,74,22,95,46,6
13892,Paul Sewald,78.31999969482422,ARI,Diamondbacks,0,66,28,4,,66,280,57,31,29,9,75,25,3
12499,Drew Rucinski,999.0,,,18,18,0,0,,100,434,106,58,54,16,78,33,5
9434,Dallas Keuchel,999.0,,,18,18,0,0,,95,424,107,54,49,12,61,38,3
21212,J.P. France,463.1600036621094,HOU,Astros,15,61,0,1,,130,558,129,70,66,20,114,47,4
2429,Corey Kluber,999.0,,,19,19,0,0,,105,462,115,63,59,19,79,29,6
22100,José Soriano,999.0,LAA,Angels,0,64,2,15,,64,275,55,29,27,7,74,31,4
18413,José Urquidy,491.7099914550781,HOU,Astros,15,47,0,1,,113,485,118,65,61,20,92,31,4
19531,Jason Foley,500.3900146484375,DET,Tigers,0,63,8,10,,63,268,63,29,27,6,55,20,3
17282,Michael Kopech,515.77001953125,CHW,White Sox,24,34,0,1,,139,617,132,85,80,24,136,75,7
22387,Josh Winckowski,694.2899780273438,BOS,Red Sox,2,69,2,15,,76,326,77,38,35,9,68,26,3
16358,Tyler Mahle,661.3200073242188,TEX,Rangers,6,21,0,1,,51,217,48,25,24,8,53,16,2
14986,Giovanny Gallegos,554.3900146484375,STL,Cardinals,0,68,3,13,,68,287,62,32,30,10,71,21,3
18548,Sam Hentges,747.969970703125,CLE,Guardians,0,62,1,13,,62,259,54,25,23,6,67,23,2
17639,Justin Lawrence,412.94000244140625,COL,Rockies,0,66,21,5,,66,289,65,36,33,8,66,31,3
13183,Zach Davies,999.0,,,23,23,0,0,,118,527,128,70,66,19,91,46,4
6893,Johnny Cueto,999.0,,,23,23,0,0,,128,560,143,77,72,23,89,36,6
30115,Robert Suarez,240.4499969482422,SDP,Padres,0,65,22,5,,65,275,58,30,27,8,70,25,3
19249,Seranthony Domínguez,661.8099975585938,PHI,Phillies,0,70,2,12,,70,299,62,33,31,9,75,30,4
14542,Carlos Estévez,218.94000244140625,LAA,Angels,0,66,17,9,,66,283,60,34,32,10,71,28,3
12095,Yimi García,723.8400268554688,TOR,Blue Jays,0,63,1,16,,63,263,56,28,26,8,66,19,3
6797,Julio Teheran,999.0,,,19,19,0,0,,111,485,121,66,61,19,81,33,6
27646,Luis L. Ortiz,710.0999755859375,PIT,Pirates,18,32,0,1,,111,492,118,65,61,15,83,49,5
26253,Ryne Nelson,601.8699951171875,ARI,Diamondbacks,19,31,0,1,,119,515,127,70,65,20,87,40,4
26048,Sawyer Gipson-Long,363.6099853515625,DET,Tigers,6,38,0,1,,69,290,67,33,31,9,64,19,3
25911,Yennier Cano,352.19000244140625,BAL,Orioles,0,64,4,12,,64,271,60,28,26,6,61,23,3
15042,Tim Mayza,750.260009765625,TOR,Blue Jays,0,62,0,13,,62,261,57,26,24,6,61,20,2
25550,Matt Waldron,742.260009765625,SDP,Padres,15,15,0,0,,82,358,87,48,45,14,61,27,4
25463,Brandon Williamson,999.0,CIN,Reds,15,31,0,1,,96,425,101,59,55,18,82,40,4
sa3018096,Ricky Tiedemann,999.0,TOR,Blue Jays,6,14,0,1,,45,193,40,21,19,6,48,19,2
25386,Jhony Brito,584.3200073242188,SDP,Padres,10,46,0,1,,87,376,89,45,42,12,71,29,4
23150,Osvaldo Bido,748.2899780273438,OAK,Athletics,18,30,0,1,,108,472,105,61,57,16,89,47,7
19753,Jonathan Loáisiga,724.1300048828125,NYY,Yankees,0,64,3,13,,64,272,62,30,27,7,56,20,3
15551,Mark Leiter Jr.,713.3900146484375,CHC,Cubs,0,63,2,15,,63,267,57,29,27,8,67,21,4
13050,Anthony DeSclafani,578.6099853515625,SEA,Mariners,8,46,0,1,,82,348,82,40,37,12,72,19,3
22925,Joan Adon,999.0,WSN,Nationals,8,46,0,1,,82,357,82,45,41,11,70,34,4
14771,Emilio Pagán,678.0599975585938,CIN,Reds,0,66,2,12,,66,282,61,35,33,12,72,25,2
21318,Tylor Megill,532.260009765625,NYM,Mets,10,48,0,1,,90,387,89,46,43,13,83,31,4
6397,Jake Odorizzi,999.0,TEX,Rangers,18,18,0,0,,96,421,101,56,53,17,77,32,4
5615,Ryan Brasier,748.6500244140625,,,0,60,0,0,,60,253,56,28,26,8,60,20,2
27942,John McMillon,688.6500244140625,KCR,Royals,0,63,5,13,,63,275,53,31,28,7,73,35,3
17170,Gabe Speier,999.0,SEA,Mariners,0,62,1,13,,62,258,55,25,23,7,66,19,3
sa3005246,Joey Cantillo,999.0,CLE,Guardians,13,13,0,0,,74,323,69,39,36,11,71,34,3
26285,Tommy Henry,750.6799926757812,ARI,Diamondbacks,11,30,0,1,,83,361,86,46,43,12,65,33,3
16258,Aaron Bummer,738.3499755859375,ATL,Braves,0,58,0,10,,58,245,49,23,21,4,67,26,3
8241,David Robertson,473.32000732421875,,,0,62,0,0,,62,268,55,30,28,8,68,27,3
25007,Alex Vesia,999.0,LAD,Dodgers,0,60,1,12,,60,253,48,27,25,9,75,25,2
16401,Yonny Chirinos,999.0,,,16,16,0,0,,89,395,100,54,50,14,59,31,4
27581,Hayden Wesneski,528.8699951171875,CHC,Cubs,6,42,0,1,,71,304,69,36,34,10,67,24,3
11804,Hector Neris,568.739990234375,,,0,70,0,0,,70,300,62,34,32,9,75,28,3
sa3023079,Paul Skenes,335.8699951171875,PIT,Pirates,11,11,0,0,,45,198,45,26,24,7,41,16,2
19261,Ian Hamilton,725.7100219726562,NYY,Yankees,0,62,0,13,,62,264,53,26,24,6,69,27,3
16929,Touki Toussaint,733.47998046875,CHW,White Sox,11,44,0,1,,94,419,89,52,48,12,91,51,7
26215,Jackson Rutledge,999.0,WSN,Nationals,16,22,0,1,,97,434,105,61,58,17,69,40,6
11760,Drew Smyly,624.2899780273438,CHC,Cubs,2,62,1,11,,69,289,64,33,31,10,70,20,3
19979,Zach Plesac,746.7100219726562,LAA,Angels,11,36,0,1,,88,383,97,52,49,16,62,27,3
16587,Erik Swanson,509.2300109863281,TOR,Blue Jays,0,64,2,13,,64,269,57,30,28,9,69,21,2
20370,Bruce Zimmermann,999.0,BAL,Orioles,8,32,0,1,,69,293,70,34,32,10,57,18,3
14993,Scott Barlow,445.6499938964844,CLE,Guardians,0,64,2,13,,64,274,57,29,27,8,69,25,3
sa3023349,Yariel Rodriguez,999.0,,,6,61,0,5,,92,399,85,47,44,13,94,40,5
10061,Brooks Raley,729.1599731445312,NYM,Mets,0,63,2,12,,63,271,57,29,27,8,66,25,4
25918,Zack Thompson,603.030029296875,STL,Cardinals,6,43,0,1,,73,318,69,36,34,9,69,33,3
23221,Michael Grove,568.7100219726562,LAD,Dodgers,5,40,0,1,,61,257,58,30,28,9,63,19,2
6984,Luis García,749.22998046875,LAA,Angels,0,62,0,13,,62,263,59,29,27,7,60,22,3
16502,Ryan Yarbrough,582.3499755859375,LAD,Dodgers,8,46,0,1,,83,355,88,45,43,15,65,19,5
18297,Tyler Kinley,577.8099975585938,COL,Rockies,0,64,8,9,,64,280,65,37,35,11,63,25,3
18694,Kolby Allard,999.0,,,10,10,0,0,,54,235,55,31,29,9,46,20,2
21527,James McArthur,333.0,KCR,Royals,0,66,15,9,,66,283,65,33,30,8,60,22,4
19883,Alex Lange,195.83999633789062,DET,Tigers,0,65,20,6,,65,285,57,31,28,6,73,34,4
sa3018146,Mason Black,999.0,SFG,Giants,5,40,0,1,,63,268,59,30,28,8,62,22,3
25327,Abner Uribe,478.1000061035156,MIL,Brewers,0,60,0,10,,60,257,46,25,23,6,78,32,3
17610,Tanner Rainey,657.030029296875,WSN,Nationals,0,60,5,13,,60,258,52,30,28,9,66,28,3
12056,Scott McGough,747.6799926757812,ARI,Diamondbacks,0,60,2,11,,60,255,54,27,25,7,64,24,2
13896,Chris Flexen,731.1900024414062,CHW,White Sox,16,33,0,1,,106,468,116,65,61,20,77,37,4
12857,Shawn Armstrong,747.6500244140625,TBR,Rays,0,62,2,12,,62,259,56,28,26,8,64,19,3
31776,Orion Kerkering,999.0,PHI,Phillies,0,64,4,8,,64,270,55,29,27,8,71,25,3
11384,Tommy Kahnle,703.969970703125,NYY,Yankees,0,63,2,15,,63,271,56,29,27,8,69,26,3
24494,Simeon Woods Richardson,724.22998046875,MIN,Twins,11,32,0,1,,86,378,89,50,47,13,68,36,3
14524,José Leclerc,195.61000061035156,TEX,Rangers,0,66,27,3,,66,286,58,34,32,10,73,30,3
sa3012630,Woo Suk Go,999.0,SDP,Padres,0,62,3,11,,62,266,53,28,26,7,72,29,3
13293,Danny Coulombe,743.5800170898438,BAL,Orioles,0,63,1,15,,63,268,58,29,27,8,63,22,2
27597,Cody Bradford,709.9400024414062,TEX,Rangers,8,46,0,1,,82,351,84,44,42,15,69,21,3
22294,Matthew Liberatore,662.1300048828125,STL,Cardinals,5,30,0,1,,51,218,49,25,23,6,46,19,3
21267,Jake Bird,999.0,COL,Rockies,0,62,1,11,,62,272,67,34,32,7,54,24,4
11486,Robbie Ray,531.3900146484375,SFG,Giants,5,11,0,1,,34,143,31,16,15,5,38,11,1
17677,Jeffrey Springs,500.2900085449219,TBR,Rays,3,13,0,1,,28,115,24,12,11,4,31,8,1
sa3017788,David Festa,999.0,MIN,Twins,8,8,0,0,,46,202,47,25,24,6,39,19,2
sa3018149,Will Warren,999.0,NYY,Yankees,5,26,0,1,,49,210,48,24,22,6,43,17,2
19932,Trevor Stephan,733.739990234375,CLE,Guardians,0,63,1,16,,63,266,56,30,28,8,68,23,3
22810,Roansy Contreras,632.739990234375,PIT,Pirates,5,51,0,4,,72,313,70,38,35,10,68,27,3
31839,Shintaro Fujinami,737.0999755859375,,,0,65,0,0,,65,279,57,31,29,8,71,30,3
20000,Tyler Wells,336.9700012207031,BAL,Orioles,3,63,0,12,,78,327,73,38,36,13,77,21,3
19320,Joey Lucchesi,703.0,NYM,Mets,5,29,0,1,,51,220,51,26,24,7,42,17,2
sa3022942,Hurston Waldrep,999.0,ATL,Braves,5,24,0,1,,47,204,46,24,23,6,46,20,2
12828,Andrew Kittredge,625.22998046875,STL,Cardinals,0,62,2,12,,62,264,63,31,28,8,51,18,3
13580,Steven Okert,999.0,MIA,Marlins,0,60,0,12,,60,256,51,28,26,8,70,25,3
19316,Eric Lauer,711.1900024414062,,,18,18,0,0,,98,429,100,57,54,17,82,41,3
17897,Garrett Cleavinger,748.3200073242188,TBR,Rays,0,60,1,12,,60,254,48,25,23,7,77,27,3
19911,José Suarez,747.5800170898438,LAA,Angels,3,49,0,4,,63,271,61,32,30,10,59,23,3
20423,Ryan Walker,726.8099975585938,SFG,Giants,0,60,0,11,,60,254,53,26,24,6,65,23,3
sa3005122,Ben Brown,999.0,CHC,Cubs,3,31,0,1,,46,198,41,22,20,6,50,19,2
sa3017413,Nick Nastrini,999.0,CHW,White Sox,13,13,0,0,,74,327,73,44,42,13,66,34,4
21481,Sean Hjelle,999.0,SFG,Giants,5,59,0,7,,82,356,87,42,38,8,62,27,5
5448,Jesse Chavez,999.0,,,0,51,0,0,,51,220,49,25,23,7,49,18,2
16918,Luke Weaver,737.2899780273438,NYY,Yankees,5,43,0,1,,63,270,62,32,30,10,60,17,2
26056,Brandon Walter,999.0,BOS,Red Sox,5,5,0,0,,28,121,30,15,14,4,20,9,1
27649,Connor Phillips,596.8099975585938,CIN,Reds,3,23,0,1,,38,164,34,20,18,6,43,19,2
12760,Rafael Montero,999.0,HOU,Astros,0,62,0,13,,62,266,57,30,27,8,65,24,3
27500,Slade Cecconi,740.0999755859375,ARI,Diamondbacks,5,26,0,1,,48,206,49,26,24,7,40,13,2
17192,Jalen Beeks,999.0,COL,Rockies,0,58,0,9,,58,251,58,30,28,7,58,23,2
19742,Anthony Bender,743.6799926757812,MIA,Marlins,0,58,3,9,,58,248,53,27,24,6,62,22,3
26203,Andrew Saalfrank,999.0,ARI,Diamondbacks,0,62,0,12,,62,269,58,28,26,5,60,30,3
13346,Hoby Milner,748.6099853515625,MIL,Brewers,0,62,0,12,,62,265,61,30,27,8,57,19,3
20167,Kyle Muller,999.0,OAK,Athletics,5,57,0,6,,78,335,76,39,36,9,67,31,3
sa3011530,Matt Canterino,999.0,MIN,Twins,6,12,0,1,,43,187,41,23,22,7,42,18,2
15761,Joe Jiménez,679.8699951171875,ATL,Braves,0,62,0,12,,62,261,54,29,27,9,74,21,3
15947,Ryne Stanek,999.0,,,0,56,0,0,,56,241,49,27,26,8,62,25,2
18403,Enyel De Los Santos,729.2899780273438,SDP,Padres,0,66,1,15,,66,281,58,31,29,8,70,26,3
sa3014536,Clayton Beeter,999.0,NYY,Yankees,8,27,0,1,,65,285,60,35,33,10,66,30,3
20020,John Schreiber,746.739990234375,BOS,Red Sox,0,64,0,12,,64,276,61,31,29,7,64,25,3
15264,Keynan Middleton,999.0,,,0,59,0,0,,59,252,53,28,26,7,63,25,2
12777,John Brebbia,744.739990234375,,,0,66,12,10,,66,282,61,33,31,11,68,23,3
14874,Sam Moll,999.0,CIN,Reds,0,61,0,10,,61,263,55,30,27,8,65,29,3
22717,Angel Zerpa,750.8400268554688,KCR,Royals,3,36,0,1,,51,219,51,25,23,6,43,17,2
31461,Ben Joyce,538.3499755859375,LAA,Angels,0,56,4,9,,56,241,46,26,24,7,69,29,3
19680,Sixto Sánchez,740.4199829101562,MIA,Marlins,2,37,0,1,,44,186,40,19,18,5,48,15,2
24993,Kody Funderburk,747.8099975585938,MIN,Twins,0,60,0,12,,60,256,55,26,24,6,61,24,3
27473,Cade Cavalli,658.3900146484375,WSN,Nationals,3,22,0,1,,37,161,35,19,18,5,37,16,2
26108,Andre Pallante,999.0,STL,Cardinals,0,60,0,12,,60,257,61,28,25,5,46,24,2
29960,AJ Smith-Shawver,399.6099853515625,ATL,Braves,5,26,0,1,,48,210,45,26,25,7,50,22,2
15145,Justin Topa,722.0599975585938,SEA,Mariners,0,63,2,15,,63,269,61,29,26,7,56,21,3
17464,Jonathan Hernández,999.0,TEX,Rangers,0,61,0,12,,61,268,57,31,28,7,61,30,3
11487,Joely Rodríguez,999.0,,,0,54,0,0,,54,231,51,25,23,6,51,23,2
6399,José Cisnero,999.0,,,0,51,0,0,,51,221,46,25,23,6,53,23,3
20153,Nick Nelson,999.0,PHI,Phillies,5,32,0,1,,54,238,56,31,28,7,39,23,3
10591,Scott Alexander,999.0,,,0,51,0,0,,51,218,53,24,22,5,39,17,2
7432,Jay Jackson,999.0,,,0,50,0,0,,50,213,47,25,23,7,50,17,2
5003,Jake Diekman,999.0,,,0,58,0,0,,58,252,48,27,25,6,68,33,3
26231,Tyler Holton,726.7100219726562,DET,Tigers,0,61,1,12,,61,260,60,29,27,7,55,20,2
11752,Luke Jackson,750.739990234375,SFG,Giants,0,62,1,12,,62,267,58,30,27,6,62,26,3
17968,Brock Burke,999.0,TEX,Rangers,0,60,0,12,,60,254,56,29,27,9,61,19,2
12988,Andrew Chafin,743.5800170898438,DET,Tigers,0,60,2,11,,60,259,55,28,26,7,63,25,2
23363,Robert Garcia,999.0,WSN,Nationals,0,58,0,10,,58,251,53,28,26,7,58,27,3
sa1169885,Mitch Spence,999.0,OAK,Athletics,3,48,0,1,,63,270,64,31,28,8,50,19,3
12572,Blake Treinen,741.1900024414062,LAD,Dodgers,0,58,0,11,,58,247,55,28,26,7,58,21,3
14295,Wandy Peralta,999.0,,,0,55,0,0,,55,238,52,25,23,6,53,24,3
13394,Dylan Floro,739.739990234375,WSN,Nationals,0,61,0,12,,61,264,62,31,28,7,52,22,2
27702,Brent Headrick,999.0,MIN,Twins,3,36,0,1,,51,220,49,26,24,8,49,17,2
15552,Chad Green,728.0599975585938,TOR,Blue Jays,0,60,0,12,,60,251,53,28,26,9,65,19,2
26214,Chris Murphy,999.0,BOS,Red Sox,8,25,0,1,,63,280,66,37,34,9,53,27,3
15734,Brad Keller,999.0,,,11,11,0,0,,62,281,66,37,35,8,47,33,3
16835,Brennan Bernardino,999.0,BOS,Red Sox,0,58,0,10,,58,249,56,28,25,6,58,22,3
15068,Yency Almonte,999.0,CHC,Cubs,0,56,0,10,,56,241,52,27,25,7,57,23,3
23796,Ryan Weathers,743.1599731445312,MIA,Marlins,3,41,0,1,,55,238,54,28,26,8,50,21,2
11189,Vince Velasquez,999.0,PIT,Pirates,6,6,0,0,,34,151,35,20,19,6,31,14,1
sa917784,Bryan Mata,999.0,BOS,Red Sox,5,41,0,1,,64,284,64,36,34,8,58,33,3
20009,Kenny Rosenberg,999.0,LAA,Angels,5,13,0,1,,36,155,36,20,18,5,31,15,2
1890,Matt Moore,747.1599731445312,,,0,57,0,0,,57,245,51,27,25,7,61,24,2
13761,Chris Stratton,742.8400268554688,KCR,Royals,0,62,1,12,,62,269,61,32,30,8,57,24,2
15684,Miguel Castro,999.0,ARI,Diamondbacks,0,63,1,15,,63,274,60,32,30,7,61,28,3
21170,Dany Jiménez,648.47998046875,OAK,Athletics,0,64,4,11,,64,279,57,32,30,8,66,32,2
15440,Matthew Boyd,999.0,DET,Tigers,3,3,0,0,,18,75,17,9,9,3,17,6,1
sa3017598,Michael McGreevy,999.0,STL,Cardinals,3,9,0,1,,24,105,27,13,12,3,15,6,1
21101,Dauri Moreta,739.52001953125,PIT,Pirates,0,56,0,9,,56,241,50,27,26,7,60,23,3
26257,Joey Estes,999.0,OAK,Athletics,10,29,0,1,,74,322,75,43,40,13,56,25,4
13190,Jordan Weems,999.0,WSN,Nationals,0,62,0,12,,62,269,58,32,30,9,62,27,3
21345,Bennett Sousa,999.0,HOU,Astros,0,58,0,10,,58,250,54,28,26,7,58,25,3
14527,Jorge López,750.3200073242188,NYM,Mets,0,61,0,12,,61,261,58,29,26,7,60,22,4
15046,Trevor Gott,745.52001953125,OAK,Athletics,0,62,1,12,,62,266,59,31,29,8,56,23,3
10343,Aaron Loup,999.0,,,0,53,0,0,,53,229,52,26,24,6,47,20,3
13767,JT Chargois,999.0,MIA,Marlins,0,62,1,12,,62,269,60,31,29,7,58,25,3
13470,Lucas Sims,651.5800170898438,CIN,Reds,0,64,2,14,,64,282,58,36,34,11,72,33,4
24975,Cooper Criswell,999.0,BOS,Red Sox,3,24,0,1,,39,171,44,22,21,5,29,11,3
27453,Anthony Veneziano,999.0,KCR,Royals,3,20,0,1,,35,155,37,20,18,5,28,14,2
22713,Carlos Hernández,743.9400024414062,KCR,Royals,0,58,1,10,,58,248,53,28,26,7,60,23,2
16350,Ryan Borucki,999.0,PIT,Pirates,0,60,0,11,,60,260,59,30,28,7,53,24,3
16647,Ryan Thompson,999.0,ARI,Diamondbacks,0,58,0,10,,58,250,59,29,27,6,48,21,3
17359,Josh Taylor,999.0,KCR,Royals,0,48,0,4,,48,206,45,23,21,5,48,20,2
15915,Víctor Arano,999.0,WSN,Nationals,0,41,0,0,,41,176,39,20,19,5,40,15,2
9073,Kirby Yates,524.0999755859375,TEX,Rangers,0,62,2,14,,62,269,54,31,29,8,71,31,3
sa3018141,Ty Madden,999.0,DET,Tigers,3,17,0,1,,32,140,32,17,16,5,29,12,1
sa3020860,Cade Horton,999.0,CHC,Cubs,3,3,0,0,,18,80,18,10,9,3,16,7,1
27451,Alec Marsh,729.0599975585938,KCR,Royals,5,13,0,1,,35,153,35,20,19,5,32,15,2
14932,Ben Lively,745.0599975585938,CLE,Guardians,3,47,0,1,,62,266,63,32,30,9,55,17,3
4301,Justin Wilson,999.0,,,0,48,0,0,,48,207,45,24,22,6,47,20,2
20546,Grant Anderson,999.0,TEX,Rangers,0,58,0,10,,58,251,56,30,28,8,55,23,3
22051,John King,999.0,STL,Cardinals,0,56,0,10,,56,241,59,26,24,5,39,19,2
16943,Sean Newcomb,750.3200073242188,OAK,Athletics,0,60,2,10,,60,261,52,29,27,7,62,32,3
1246,Matt Bush,999.0,,,0,34,0,0,,34,146,32,17,16,5,36,13,1
sa3014518,Landon Knack,747.22998046875,LAD,Dodgers,3,22,0,1,,37,161,38,21,19,6,33,11,2
21052,Luis Gil,669.22998046875,NYY,Yankees,2,29,0,1,,36,155,30,17,16,5,44,17,1
17369,Brett Martin,999.0,,,0,39,0,0,,39,169,39,19,18,4,32,15,1
7048,Fernando Cruz,729.0999755859375,CIN,Reds,0,52,0,1,,52,221,44,25,23,7,64,22,2
7982,Anthony Bass,999.0,,,0,40,0,0,,40,174,39,20,19,5,38,16,1
26226,Nick Robertson,999.0,STL,Cardinals,0,51,0,4,,51,217,46,24,22,6,51,19,2
19407,Ronel Blanco,999.0,HOU,Astros,0,60,0,12,,60,256,54,29,27,8,64,24,2
21520,Hogan Harris,999.0,OAK,Athletics,3,24,0,1,,39,170,37,21,19,5,35,18,2
23324,Freddy Tarnok,999.0,OAK,Athletics,3,28,0,1,,43,187,40,23,22,7,40,18,2
27582,Davis Daniel,708.52001953125,LAA,Angels,5,38,0,1,,61,266,63,36,34,11,49,23,3
13942,Brent Suter,749.5800170898438,CIN,Reds,0,70,1,13,,70,309,74,39,36,10,58,28,3
23301,Janson Junk,999.0,MIL,Brewers,5,24,0,1,,46,201,51,27,26,9,32,13,2
sa3014534,Mick Abel,999.0,PHI,Phillies,6,29,0,1,,60,267,59,36,34,10,53,30,3
27914,Daniel Palencia,748.8099975585938,CHC,Cubs,0,48,0,4,,48,206,42,23,22,6,52,22,3
6895,Chase Anderson,999.0,,,18,18,0,0,,94,415,99,58,55,17,72,38,5
sa3015223,Wilmer Flores,999.0,DET,Tigers,2,19,0,1,,26,112,26,13,12,3,23,8,1
10315,Michael Tonkin,999.0,NYM,Mets,0,58,0,10,,58,246,54,28,26,8,59,20,3
17871,Ian Gibaut,747.2899780273438,CIN,Reds,0,62,1,11,,62,270,61,34,31,9,60,26,3
27470,Emerson Hancock,999.0,SEA,Mariners,8,29,0,1,,66,287,67,36,34,11,54,23,3
19962,Joey Wentz,750.2899780273438,DET,Tigers,2,46,0,1,,52,225,50,26,24,7,51,20,2
7146,Daniel Hudson,747.7100219726562,LAD,Dodgers,0,48,0,4,,48,202,42,23,21,7,55,17,2
22273,Owen White,730.1300048828125,TEX,Rangers,11,32,0,1,,86,382,92,52,49,14,64,35,4
27472,Jared Shuster,718.9400024414062,CHW,White Sox,6,12,0,1,,42,184,44,25,23,7,30,17,1
24581,Lyon Richardson,999.0,CIN,Reds,2,12,0,1,,19,83,18,10,10,3,20,9,1
18384,Scott Effross,679.3499755859375,NYY,Yankees,0,60,0,12,,60,257,58,29,27,8,56,19,3
sa3014917,Jake Eder,999.0,CHW,White Sox,5,5,0,0,,28,123,28,16,15,5,23,13,2
17034,Sean Reid-Foley,999.0,NYM,Mets,0,51,0,4,,51,219,42,23,21,6,61,24,2
27572,Carmen Mlodzinski,999.0,PIT,Pirates,0,65,1,15,,65,283,64,34,32,8,59,27,3
3548,Liam Hendriks,750.030029296875,,,0,10,0,0,,10,41,8,4,4,1,12,3,0
25862,Noah Davis,999.0,COL,Rockies,6,23,0,1,,53,239,60,37,35,10,39,23,4
6107,Huascar Brazoban,999.0,MIA,Marlins,0,48,0,4,,48,207,43,23,21,5,51,22,2
19225,Mitch White,999.0,TOR,Blue Jays,2,35,0,1,,42,179,40,21,20,6,39,14,2
sa3014492,Nick Frasso,999.0,LAD,Dodgers,2,26,0,1,,33,142,32,17,16,5,31,11,2
sa3020644,Jacob Misiorowski,999.0,MIL,Brewers,3,15,0,1,,30,135,28,17,16,5,31,15,2
20515,Kyle Nelson,749.3499755859375,ARI,Diamondbacks,0,48,0,4,,48,207,45,24,22,6,48,20,2
23809,Ray Kerr,999.0,ATL,Braves,0,48,0,4,,48,206,42,22,20,6,55,22,2
sa3017420,Chayce McDermott,999.0,BAL,Orioles,3,22,0,1,,37,164,34,20,18,5,38,18,2
24977,Shawn Dubin,999.0,HOU,Astros,2,23,0,1,,30,130,28,15,14,4,31,13,1
19951,Ian Anderson,999.0,ATL,Braves,2,8,0,1,,15,65,15,8,7,2,14,6,0
15043,Lou Trivino,999.0,,,0,26,0,0,,26,112,24,13,12,3,25,11,1
sa3014973,Mitchell Parker,999.0,WSN,Nationals,3,13,0,1,,28,126,28,16,15,4,25,14,1
sa3018116,Carlos F. Rodriguez,999.0,MIL,Brewers,5,5,0,0,,28,122,27,16,15,5,24,12,2
29928,Dylan Dodd,999.0,ATL,Braves,3,20,0,1,,35,152,38,19,18,5,27,11,1
19493,Zach Jackson,749.6500244140625,OAK,Athletics,0,56,0,9,,56,244,48,27,26,7,63,29,2
28036,Luke Little,738.260009765625,CHC,Cubs,0,52,0,7,,52,224,41,22,20,5,63,28,3
1247,Adam Ottavino,659.0999755859375,,,0,64,0,0,,64,279,61,34,31,8,61,27,4
20203,Eli Morgan,999.0,CLE,Guardians,0,58,0,11,,58,245,54,28,26,9,60,18,2
7803,Richard Bleier,999.0,,,0,32,0,0,,32,139,36,16,15,4,20,9,1
14361,Ty Blach,999.0,COL,Rockies,3,15,0,1,,30,133,36,20,18,5,19,9,1
21306,Jake Latz,999.0,TEX,Rangers,0,57,0,7,,57,244,50,27,25,8,62,24,2
12863,Matt Barnes,999.0,,,0,48,0,0,,48,210,46,25,24,6,47,21,2
sa3016849,Gordon Graceffo,999.0,STL,Cardinals,3,3,0,0,,18,81,20,11,10,3,13,7,1
10197,Shelby Miller,488.5199890136719,DET,Tigers,0,58,1,10,,58,252,54,30,28,8,59,26,2
19866,Brandon Bielak,999.0,HOU,Astros,2,50,0,4,,57,245,57,29,27,7,51,20,3
18337,Nick Anderson,528.4199829101562,KCR,Royals,0,60,2,11,,60,259,61,32,30,9,52,20,2
sa3011680,DJ Herz,999.0,WSN,Nationals,2,27,0,1,,34,151,30,18,17,5,37,19,2
sa3020682,Chase Hampton,999.0,NYY,Yankees,3,3,0,0,,18,80,18,10,10,3,17,7,1
12763,Chris Devenski,999.0,TBR,Rays,2,60,0,10,,67,288,65,35,33,10,62,21,3
23443,Tom Cosgrove,747.9400024414062,SDP,Padres,0,56,0,9,,56,243,52,28,26,7,54,24,3
19874,Alex Faedo,700.2899780273438,DET,Tigers,0,48,0,1,,48,203,45,23,21,7,49,14,2
18333,Alex Young,999.0,CIN,Reds,0,54,0,4,,54,234,55,29,27,8,48,21,2
18519,Phil Bickford,999.0,NYM,Mets,0,62,0,13,,62,269,57,32,30,9,65,26,3
14416,Yunior Marte,999.0,PHI,Phillies,0,48,0,1,,48,207,45,24,22,6,46,20,2
17701,Jose Cuas,999.0,CHC,Cubs,0,62,0,13,,62,271,58,31,29,7,61,29,4
9111,Brad Hand,999.0,,,0,52,0,0,,52,226,49,27,25,7,51,22,3
26304,Bryan Hoeing,999.0,MIA,Marlins,2,26,0,1,,33,143,36,18,16,4,24,10,1
27477,Bryce Jarvis,999.0,ARI,Diamondbacks,2,30,0,1,,37,162,37,20,19,5,32,15,2
13133,Derek Law,999.0,,,0,49,0,0,,49,213,49,25,24,6,43,19,2
19362,Keegan Akin,999.0,BAL,Orioles,0,38,0,1,,38,159,34,16,15,5,40,12,1
25388,Cody Morris,744.1300048828125,NYY,Yankees,0,50,0,4,,50,213,43,23,21,6,56,21,2
19403,Colin Poche,625.1599731445312,TBR,Rays,0,63,1,15,,63,270,56,31,29,9,66,26,2
18282,Jarlín García,999.0,,,0,49,0,0,,49,211,48,25,23,7,45,17,2
21290,Lucas Gilbreath,999.0,COL,Rockies,0,48,0,4,,48,212,47,26,25,6,49,24,2
14825,Dylan Covey,999.0,PHI,Phillies,0,55,0,4,,55,239,56,29,26,7,46,21,2
21652,Elvis Peguero,999.0,MIL,Brewers,0,50,0,4,,50,216,48,25,23,6,46,20,2
sa3007229,Kai-Wei Teng,999.0,SFG,Giants,0,48,0,4,,48,208,43,23,21,5,52,20,4
20548,Bowden Francis,750.1900024414062,TOR,Blue Jays,2,37,0,1,,44,188,41,23,21,8,44,14,2
19309,Trevor Richards,749.2899780273438,TOR,Blue Jays,0,56,0,7,,56,239,47,26,24,8,66,24,2
26079,Beau Brieske,747.6500244140625,DET,Tigers,0,56,0,5,,56,238,54,28,26,8,52,17,2
2895,Zach McAllister,999.0,,,0,22,0,0,,22,95,21,11,11,3,21,8,1
25551,Isaiah Campbell,999.0,BOS,Red Sox,0,48,0,4,,48,208,47,25,23,6,46,19,2
5524,Madison Bumgarner,999.0,,,13,13,0,0,,71,319,79,45,43,13,51,25,4
sa3023347,Naoyuki Uwasawa,999.0,TBR,Rays,2,30,0,1,,37,159,37,19,18,5,34,11,1
sa3017977,Pierson Ohl,999.0,MIN,Twins,2,26,0,1,,33,142,35,18,17,5,26,7,1
23313,José Butto,730.6799926757812,NYM,Mets,2,30,0,1,,37,160,36,19,18,5,33,13,2
20038,Darren McCaughan,999.0,SEA,Mariners,2,30,0,1,,37,158,38,19,18,6,30,9,2
20160,Nate Pearson,739.6099853515625,TOR,Blue Jays,0,46,0,1,,46,197,39,22,20,6,52,21,2
22318,Jose Hernandez,999.0,PIT,Pirates,0,52,0,6,,52,226,48,26,24,6,53,24,2
19459,Jorge Alcala,999.0,MIN,Twins,0,58,0,10,,58,249,54,29,27,8,60,23,2
14375,Amir Garrett,999.0,,,0,40,0,0,,40,175,35,20,18,5,45,22,2
19205,Jesse Scholtens,999.0,CHW,White Sox,2,23,0,1,,30,130,31,17,16,5,24,9,1
20517,Nick Sandlin,999.0,CLE,Guardians,0,60,0,13,,60,259,54,30,28,8,61,27,3
19924,Bryan Hudson,999.0,MIL,Brewers,0,31,0,1,,31,132,27,14,13,3,33,13,1
27685,Carson Spiers,999.0,CIN,Reds,2,32,0,1,,39,172,41,24,22,7,33,15,2
15047,Austin Voth,999.0,SEA,Mariners,2,58,0,7,,65,278,62,33,30,10,62,22,3
sa3017915,Mike Vasil,999.0,NYM,Mets,2,2,0,0,,9,40,9,5,5,2,8,3,0
16990,Tanner Banks,999.0,CHW,White Sox,0,56,0,7,,56,238,54,27,25,8,52,18,2
17611,Taylor Clarke,999.0,MIL,Brewers,0,57,0,7,,57,243,53,28,26,9,59,19,2
14857,Joe Mantiply,744.969970703125,ARI,Diamondbacks,0,54,0,7,,54,230,55,26,24,6,45,16,2
10657,Andrew Bellatti,999.0,PHI,Phillies,0,60,0,7,,60,260,55,31,29,9,62,26,3
13801,Austin Adams,999.0,NYM,Mets,0,56,0,7,,56,244,48,27,26,7,64,26,5
16408,Victor González,999.0,NYY,Yankees,0,54,0,7,,54,232,50,24,22,6,53,23,3
14510,Thyago Vieira,999.0,MIL,Brewers,0,35,0,1,,35,148,30,16,15,5,39,13,2
24602,Drew Rom,999.0,STL,Cardinals,0,34,0,1,,34,143,31,15,14,4,33,12,2
29832,Jackson Wolf,747.3900146484375,PIT,Pirates,2,40,0,1,,47,204,48,25,24,7,39,15,2
19716,Dustin May,664.8099975585938,LAD,Dodgers,0,17,0,1,,17,71,15,7,7,2,19,6,1
sa3017306,Mason Montgomery,999.0,TBR,Rays,3,3,0,0,,18,81,18,10,10,3,16,8,1
21850,Mason Thompson,999.0,WSN,Nationals,0,46,0,4,,46,199,46,24,22,5,38,19,2
21955,Yerry Rodríguez,999.0,TEX,Rangers,0,46,0,1,,46,198,42,22,21,6,49,19,2
sa3005118,Matt Sauer,999.0,KCR,Royals,2,46,0,1,,53,233,53,29,27,7,47,21,3
24453,Justin Martinez,748.3900146484375,ARI,Diamondbacks,0,33,0,1,,33,144,27,15,14,3,39,19,2
sa3014435,Jeff Criswell,999.0,COL,Rockies,3,3,0,0,,18,83,21,13,12,4,14,8,1
20151,James Karinchak,744.969970703125,CLE,Guardians,0,54,0,7,,54,234,43,26,24,7,68,29,2
16233,Tejay Antone,745.6099853515625,CIN,Reds,0,44,0,1,,44,190,42,23,21,6,44,18,2
sa3004857,David Parkinson,999.0,PHI,Phillies,2,17,0,1,,24,106,25,14,13,4,19,9,1
23252,Spencer Howard,999.0,SFG,Giants,0,32,0,1,,32,136,29,15,14,4,34,11,1
18335,Josh Staumont,999.0,MIN,Twins,0,38,0,1,,38,164,32,18,17,5,44,18,2
sa3016946,Chase Lee,999.0,TEX,Rangers,0,24,0,1,,24,102,22,11,10,3,25,9,1
26024,Brendan White,999.0,DET,Tigers,0,34,0,1,,34,146,33,16,15,3,31,11,2
25636,Hunter Gaddis,999.0,CLE,Guardians,3,31,0,1,,46,198,46,26,24,8,39,15,3
18815,Miguel Díaz,999.0,DET,Tigers,0,57,0,7,,57,247,55,29,26,7,53,24,2
21238,Allan Winans,729.7100219726562,ATL,Braves,0,24,0,1,,24,101,24,11,10,3,22,6,1
25139,Tim Herrin,999.0,CLE,Guardians,0,35,0,1,,35,149,31,15,14,4,38,15,2
14764,Wes Parsons,999.0,TOR,Blue Jays,0,24,0,1,,24,103,22,11,10,3,25,9,1
19614,Cionel Pérez,999.0,BAL,Orioles,0,54,0,7,,54,232,49,25,22,5,52,24,2
17755,Drew Smith,736.1599731445312,NYM,Mets,0,63,1,15,,63,274,58,33,31,10,65,27,3
20348,Riley O'Brien,999.0,STL,Cardinals,0,52,0,7,,52,226,48,25,23,6,49,24,3
17888,Tayler Saucedo,999.0,SEA,Mariners,0,58,0,10,,58,249,54,27,24,6,54,24,3
20353,Steven Wilson,999.0,SDP,Padres,0,61,1,11,,61,264,54,31,30,10,65,27,3
24017,Jose A. Ferrer,999.0,WSN,Nationals,0,52,0,6,,52,225,51,26,24,6,44,21,2
5097,Anthony Gose,999.0,CLE,Guardians,0,21,0,1,,21,89,17,9,8,2,27,9,1
15015,Alex Reyes,999.0,,,0,33,0,0,,33,144,29,17,16,4,36,17,1
17783,Jake Brentz,999.0,KCR,Royals,0,38,0,1,,38,166,34,18,17,4,42,20,2
sa3017418,Ryan Bergert,999.0,SDP,Padres,2,2,0,0,,9,41,9,5,5,1,8,4,0
19996,Dylan Lee,999.0,ATL,Braves,0,44,0,1,,44,187,41,21,20,6,45,14,2
sa3009727,Anthony Molina,999.0,COL,Rockies,2,46,0,1,,53,235,63,34,32,9,36,16,2
sa3018053,Jack Leiter,999.0,TEX,Rangers,3,3,0,0,,18,83,19,11,11,3,16,9,1
sa1169893,Anthony Maldonado,999.0,MIA,Marlins,0,44,0,1,,44,189,40,22,20,6,46,17,2
sa3016940,Patrick Monteverde,999.0,MIA,Marlins,2,21,0,1,,28,123,29,16,15,4,22,10,1
24986,Colin Selby,999.0,PIT,Pirates,0,44,0,1,,44,193,40,22,20,5,45,22,2
20206,Mike Baumann,744.8699951171875,BAL,Orioles,0,48,0,4,,48,206,45,23,21,6,47,20,2
14814,Buck Farmer,999.0,CIN,Reds,0,60,0,7,,60,264,59,34,32,10,59,26,3
21163,Angel Felipe,999.0,OAK,Athletics,0,38,0,1,,38,165,33,18,16,4,38,20,2
25376,Nick Mears,999.0,COL,Rockies,0,60,0,11,,60,270,60,37,34,9,60,33,3
21461,Cole Sands,999.0,MIN,Twins,0,54,0,7,,54,233,51,27,25,7,53,21,3
25663,McKinley Moore,999.0,PHI,Phillies,0,24,0,1,,24,105,21,12,11,3,26,13,1
sa3017130,Griff McGarry,999.0,PHI,Phillies,2,2,0,0,,9,42,9,6,5,1,8,5,0
19178,Tommy Nance,999.0,SDP,Padres,0,25,0,1,,25,107,23,12,11,3,25,10,1
20375,Greg Weissert,999.0,BOS,Red Sox,0,44,0,1,,44,192,42,23,21,5,44,20,2
24614,Victor Vodnik,999.0,COL,Rockies,0,38,0,1,,38,168,38,21,20,5,37,19,2
sa3011735,Sem Robberse,999.0,STL,Cardinals,2,2,0,0,,9,41,10,5,5,1,6,4,0
17490,Génesis Cabrera,999.0,TOR,Blue Jays,0,59,0,11,,59,256,54,29,27,8,59,27,3
18064,Phil Maton,746.47998046875,,,0,67,0,0,,67,291,64,35,32,9,64,26,5
22932,Prelander Berroa,691.8099975585938,SEA,Mariners,0,36,0,1,,36,154,29,16,15,4,43,18,1
26364,Ethan Small,999.0,MIL,Brewers,0,44,0,1,,44,191,40,22,20,6,43,20,2
20794,Manuel Rodríguez,999.0,TBR,Rays,0,38,0,1,,38,164,35,18,16,4,38,17,2
sa917925,Jay Groome,999.0,SDP,Padres,3,7,0,1,,22,101,23,13,12,3,18,11,1
22915,Carlos Vargas,999.0,SEA,Mariners,0,44,0,1,,44,190,39,20,18,4,45,21,2
10855,Chasen Shreve,999.0,,,0,21,0,0,,21,91,21,11,10,3,20,9,1
20185,Zach Pop,999.0,TOR,Blue Jays,0,38,0,1,,38,164,38,18,17,4,33,14,2
25595,Xzavion Curry,739.2899780273438,CLE,Guardians,5,43,0,1,,64,277,66,37,35,11,51,21,2
sa3015086,Cade Smith,999.0,CLE,Guardians,0,48,0,4,,48,208,43,23,22,6,51,22,3
20491,J.B. Bukauskas,999.0,MIL,Brewers,0,21,0,1,,21,90,20,10,9,2,19,7,1
19200,José Quijada,999.0,LAA,Angels,0,21,0,1,,21,90,18,10,9,3,24,10,1
21324,Parker Mushinski,999.0,HOU,Astros,0,38,0,1,,38,163,36,18,16,4,37,15,2
19804,Bryan Baker,999.0,BAL,Orioles,0,35,0,1,,35,150,31,17,15,5,37,15,1
23631,Clayton Andrews,999.0,MIL,Brewers,0,28,0,1,,28,121,25,13,12,3,30,13,1
sa3017537,Spencer Arrighetti,999.0,HOU,Astros,2,2,0,0,,9,41,9,6,5,2,8,4,1
sa3008470,Braxton Ashcraft,999.0,PIT,Pirates,0,25,0,1,,25,107,24,13,12,3,23,9,1
sa1053035,Josh Simpson,999.0,MIA,Marlins,0,17,0,1,,17,74,15,8,7,2,18,8,1
25679,Kevin Kelly,748.0999755859375,TBR,Rays,0,48,0,4,,48,207,48,24,22,6,41,16,3
14552,José Ruiz,999.0,PHI,Phillies,0,21,0,1,,21,91,19,11,10,3,21,9,1
11426,Drew Pomeranz,999.0,,,0,36,0,0,,36,158,34,19,17,5,36,17,1
19454,Michael Rucker,999.0,CHC,Cubs,0,40,0,1,,40,173,39,21,19,5,36,15,2
22224,Jonathan Heasley,999.0,BAL,Orioles,2,30,0,1,,37,161,38,21,20,6,30,12,2
sa3002956,Keider Montero,999.0,DET,Tigers,0,21,0,1,,21,90,20,10,10,3,19,7,1
21574,Brendon Little,999.0,TOR,Blue Jays,0,28,0,1,,28,122,27,13,12,3,24,13,1
21025,Oliver Ortega,999.0,HOU,Astros,0,19,0,1,,19,82,18,10,9,2,18,8,1
21366,Glenn Otto,999.0,SDP,Padres,0,33,0,1,,33,142,31,16,15,5,33,13,2
21859,Alex Speas,999.0,CHW,White Sox,0,44,0,1,,44,194,38,22,20,5,50,26,2
17556,Jimmy Herget,999.0,LAA,Angels,0,44,0,1,,44,190,44,24,23,7,39,16,2
20039,Adrian Morejon,739.0999755859375,SDP,Padres,0,52,0,6,,52,222,48,25,23,7,52,20,2
26213,Caleb Kilian,999.0,CHC,Cubs,0,20,0,1,,20,85,20,10,9,2,17,6,1
25928,Darius Vines,736.3900146484375,ATL,Braves,0,28,0,1,,28,120,29,15,14,4,25,8,1
17735,Tyler Alexander,729.8699951171875,TBR,Rays,2,56,0,7,,63,268,64,33,31,10,54,16,3
16942,Luis F. Ortiz,999.0,PHI,Phillies,0,30,0,1,,30,129,30,16,14,4,25,10,1
23617,Josh Walker,999.0,NYM,Mets,0,21,0,1,,21,89,19,10,9,3,22,8,1
sa3017850,Will Dion,999.0,CLE,Guardians,0,19,0,1,,19,80,18,9,8,3,18,6,1
8048,Will Smith,341.3900146484375,KCR,Royals,0,64,10,9,,64,279,63,35,32,9,60,26,3
sa3007996,Ryan Fernandez,999.0,STL,Cardinals,0,45,0,1,,45,194,44,23,21,6,38,17,2
23191,Michael Plassmeyer,999.0,PIT,Pirates,0,19,0,1,,19,82,19,10,9,3,16,6,1
13758,Tyler Duffey,999.0,,,0,35,0,1,,35,154,35,19,18,5,31,15,2
18769,Cody Poteet,999.0,NYY,Yankees,0,32,0,1,,32,137,29,16,15,5,33,12,1
20116,Calvin Faucher,999.0,MIA,Marlins,0,33,0,1,,33,144,32,17,16,4,31,14,1
21205,Connor Brogdon,999.0,PHI,Phillies,0,33,0,1,,33,142,31,17,16,5,32,13,1
14420,Jackson Stephens,999.0,ATL,Braves,0,33,0,1,,33,142,33,17,16,4,30,12,2
25651,Ty Adcock,999.0,SEA,Mariners,0,17,0,1,,17,72,16,8,8,2,17,6,1
16754,Vinny Nittoli,999.0,OAK,Athletics,0,33,0,1,,33,142,32,17,16,5,29,12,2
17793,Trey Wingenter,999.0,DET,Tigers,0,19,0,1,,19,82,17,9,9,2,20,8,1
25098,Jacob Lopez,749.2899780273438,TBR,Rays,0,15,0,1,,15,64,13,7,6,2,16,6,1
22116,Hagen Danner,999.0,TOR,Blue Jays,0,19,0,1,,19,81,17,9,8,3,20,7,1
21997,Luis Frías,999.0,ARI,Diamondbacks,0,44,0,1,,44,191,41,22,21,5,43,20,2
19315,Matt Krook,999.0,NYY,Yankees,0,34,0,1,,34,148,31,16,14,4,34,17,2
22276,Dylan Coleman,750.9400024414062,HOU,Astros,0,41,0,1,,41,180,35,21,19,5,45,23,3
sa3014869,Yosver Zulueta,999.0,TOR,Blue Jays,0,21,0,1,,21,92,19,10,10,2,21,10,1
12791,Michael Kelly,999.0,OAK,Athletics,0,35,0,1,,35,151,32,17,16,4,34,15,1
16866,Reed Garrett,999.0,NYM,Mets,0,17,0,1,,17,74,16,9,8,2,16,7,1
20061,Kaleb Ort,999.0,MIA,Marlins,0,28,0,1,,28,122,26,15,14,4,28,12,1
20271,Daysbel Hernández,999.0,ATL,Braves,0,38,0,1,,38,166,34,19,18,5,42,18,2
sa3010315,Zak Kent,999.0,TEX,Rangers,0,10,0,1,,10,43,10,5,5,1,9,3,0
27775,Kyle Nicolas,750.9000244140625,PIT,Pirates,0,33,0,1,,33,143,30,17,16,4,34,15,2
sa3010798,Jairo Iriarte,999.0,SDP,Padres,0,21,0,1,,21,91,19,10,10,3,21,9,1
24930,Ethan Roberts,999.0,CHC,Cubs,0,12,0,1,,12,52,11,6,6,2,12,5,1
sa3020079,T.J. Brock,999.0,TOR,Blue Jays,0,12,0,1,,12,52,11,6,5,2,12,5,1
sa3014984,Zach Brzykcy,999.0,WSN,Nationals,0,36,0,1,,36,158,34,19,18,5,35,17,2
21956,Max Castillo,999.0,BOS,Red Sox,0,19,0,1,,19,82,20,11,10,3,15,5,1
sa3005117,Blayne Enlow,999.0,SFG,Giants,0,17,0,1,,17,73,17,8,8,2,16,5,1
19976,Tyson Miller,999.0,SEA,Mariners,0,12,0,1,,12,52,11,6,5,2,11,4,1
23455,Hunter Stratton,999.0,PIT,Pirates,0,8,0,1,,8,35,7,4,4,1,8,4,0
19482,Andrew Vasquez,999.0,,,0,12,0,1,,12,53,12,6,6,1,11,5,1
23798,Randy Dobnak,999.0,MIN,Twins,0,12,0,1,,12,52,13,6,6,1,9,4,1
sa3017822,Connor Cooke,999.0,TOR,Blue Jays,0,10,0,1,,10,43,9,5,5,1,10,4,0
15100,Ben Heller,999.0,PIT,Pirates,0,36,0,1,,36,157,35,19,18,4,32,15,2
sa3015080,Marc Church,999.0,TEX,Rangers,0,52,0,4,,52,228,49,28,26,8,53,24,2
sa1115881,Brady Basso,999.0,OAK,Athletics,0,8,0,1,,8,34,8,4,3,1,7,3,0
22310,Chris Rodriguez,999.0,ARI,Diamondbacks,0,10,0,1,,10,44,10,5,5,1,9,4,0
15256,Cole Sulser,999.0,NYM,Mets,0,10,0,1,,10,43,9,5,5,1,10,4,0
sa3014477,Christian Roa,999.0,CIN,Reds,0,14,0,1,,14,62,13,8,7,2,15,7,1
sa3017607,Jordan Leasure,999.0,CHW,White Sox,0,24,0,1,,24,104,22,13,12,4,25,11,1
sa3011814,Blake Walston,999.0,ARI,Diamondbacks,3,3,0,0,,18,83,20,12,11,3,13,8,1
sa3008578,Adam Kloffenstein,999.0,STL,Cardinals,0,8,0,1,,8,35,8,4,4,1,7,3,0
sa875646,Tyler Phillips,999.0,PHI,Phillies,0,6,0,1,,6,26,6,3,3,1,5,2,0
sa3007990,Stephen Kolek,999.0,SDP,Padres,0,38,0,1,,38,165,37,19,18,5,32,15,2
20997,Eduard Bazardo,999.0,SEA,Mariners,0,24,0,1,,24,102,23,12,11,3,22,8,1
21620,Jake Cousins,999.0,CHW,White Sox,0,13,0,1,,13,57,12,7,6,2,13,7,1
18152,Anthony Misiewicz,999.0,NYY,Yankees,0,6,0,1,,6,26,6,3,3,1,6,2,0
17169,José Castillo,999.0,ARI,Diamondbacks,0,6,0,1,,6,26,6,3,3,1,6,3,0
sa3017390,Brett Kerry,999.0,LAA,Angels,2,2,0,0,,9,41,10,6,6,2,7,3,0
16507,Dan Altavilla,999.0,KCR,Royals,0,21,0,1,,21,92,21,11,11,3,19,9,1
16933,Elieser Hernández,999.0,,,0,10,0,1,,10,42,10,5,5,2,11,3,0
24933,Andrew Wantz,999.0,LAA,Angels,0,52,0,7,,52,227,50,29,27,9,50,21,2
29946,Grant Hartwig,999.0,NYM,Mets,0,44,0,1,,44,193,42,22,21,6,42,19,3
25174,Penn Murfee,999.0,ATL,Braves,0,12,0,1,,12,52,12,6,6,2,12,5,1
sa3019426,Colton Gordon,999.0,HOU,Astros,0,10,0,1,,10,43,9,5,5,1,10,4,0
sa3017592,Luke Albright,999.0,ARI,Diamondbacks,2,2,0,0,,9,42,10,6,5,1,7,5,0
sa3005024,Michael Mercado,999.0,PHI,Phillies,0,10,0,1,,10,43,9,5,5,2,10,4,0
31533,Victor Mederos,999.0,LAA,Angels,0,14,0,1,,14,61,14,7,7,2,13,6,1
19871,Tucker Davidson,999.0,BAL,Orioles,0,10,0,1,,10,43,10,5,5,1,9,4,0
15007,Yacksel Ríos,999.0,,,0,6,0,1,,6,26,5,3,3,1,6,3,0
17796,Dillon Tate,749.47998046875,BAL,Orioles,0,44,0,1,,44,191,45,22,20,5,35,15,3
21420,Yerry De Los Santos,999.0,NYY,Yankees,0,8,0,1,,8,35,8,4,4,1,7,3,0
13652,Tayler Scott,999.0,HOU,Astros,0,12,0,1,,12,52,12,6,6,2,12,5,1
19891,Ryder Ryan,999.0,PIT,Pirates,0,10,0,1,,10,44,10,5,5,1,8,4,1
25589,Sammy Peralta,999.0,CHW,White Sox,0,36,0,1,,36,156,36,19,17,5,29,13,2
24607,Jonathan Bowlan,999.0,KCR,Royals,0,24,0,1,,24,103,25,13,12,3,20,8,1
23165,Steven Cruz,999.0,KCR,Royals,0,54,0,7,,54,240,51,29,27,7,53,30,3
sa3004863,Ricky Vanasco,999.0,LAD,Dodgers,0,28,0,1,,28,122,27,15,14,4,27,12,1
sa3011135,Antoine Kelly,999.0,TEX,Rangers,0,33,0,1,,33,146,31,17,16,4,33,17,2
21023,Adrián Martínez,999.0,OAK,Athletics,0,40,0,1,,40,171,40,20,19,5,33,13,2
sa3008104,Roddery Muñoz,999.0,MIA,Marlins,0,21,0,1,,21,92,21,11,10,3,19,9,1
25178,Joe Jacques,999.0,BOS,Red Sox,0,31,0,1,,31,137,33,17,15,3,24,12,2
sa3011729,Porter Hodge,999.0,CHC,Cubs,0,8,0,1,,8,35,7,4,4,1,8,4,0
17381,Matt Gage,999.0,HOU,Astros,0,6,0,1,,6,26,6,3,3,1,6,3,0
11589,José Ureña,999.0,,,0,6,0,1,,6,26,6,3,3,1,5,2,0
5114,Jeurys Familia,999.0,,,0,20,0,0,,20,88,20,11,10,3,18,10,1
21018,Francisco Pérez,999.0,OAK,Athletics,0,48,0,4,,48,210,44,24,23,6,46,25,2
sa3017103,Hayden Juenger,999.0,TOR,Blue Jays,0,17,0,1,,17,73,16,9,8,3,17,7,1
19444,Yohan Ramirez,999.0,NYM,Mets,0,36,0,1,,36,159,33,18,17,4,36,17,3
25481,Joe La Sorsa,999.0,WSN,Nationals,0,17,0,1,,17,74,18,9,9,2,12,6,1
17496,Diego Castillo,999.0,TEX,Rangers,0,19,0,1,,19,84,19,11,10,3,17,9,1
30008,Evan Justice,999.0,COL,Rockies,0,35,0,1,,35,157,35,20,19,5,36,19,2
sa3014675,Chih-Jung Liu,999.0,BOS,Red Sox,0,6,0,1,,6,26,6,3,3,1,6,3,0
sa917930,Forrest Whitley,999.0,HOU,Astros,0,24,0,1,,24,104,23,12,12,3,23,11,1
sa3011493,J.C. Flowers,999.0,PIT,Pirates,0,6,0,1,,6,27,6,3,3,1,5,3,0
19558,Geoff Hartlieb,999.0,COL,Rockies,0,19,0,1,,19,85,21,12,11,3,15,9,1
18356,Jaime Barria,999.0,CLE,Guardians,2,35,0,1,,42,183,44,24,22,7,33,13,2
21858,Riley Pint,999.0,COL,Rockies,0,33,0,1,,33,150,33,20,18,4,32,21,2
13607,Carl Edwards Jr.,999.0,WSN,Nationals,0,50,0,0,,50,218,50,27,25,7,44,21,2
15239,Alan Busenitz,999.0,,,0,6,0,1,,6,26,6,4,3,1,5,2,0
sa3017005,Kevin Kopps,999.0,SDP,Padres,0,8,0,1,,8,35,8,4,4,1,7,4,0
12997,Colten Brewer,999.0,CHC,Cubs,0,10,0,1,,10,44,10,5,5,1,9,4,0
15444,Zack Weiss,999.0,BOS,Red Sox,0,24,0,1,,24,106,24,13,13,4,23,11,1
17878,Dennis Santana,999.0,NYY,Yankees,0,17,0,1,,17,74,16,9,8,2,17,8,1
sa3010816,Austin Pope,999.0,ARI,Diamondbacks,0,17,0,1,,17,74,17,9,8,2,15,7,1
21866,Jordan Balazovic,999.0,MIN,Twins,0,48,0,4,,48,209,47,25,23,6,43,20,2
15290,Austin Pruitt,999.0,,,0,13,0,1,,13,57,14,7,7,2,10,4,1
17732,Nabil Crismatt,999.0,LAD,Dodgers,0,8,0,1,,8,35,8,4,4,1,7,3,0
18674,Jake Woodford,999.0,,,0,19,0,1,,19,83,20,10,10,3,15,7,1
25097,Garrett Hill,999.0,DET,Tigers,0,8,0,1,,8,35,8,4,4,1,7,3,0
sa3017876,Tyler Samaniego,999.0,PIT,Pirates,0,17,0,1,,17,75,17,9,8,2,14,8,1
19274,Jacob Webb,999.0,BAL,Orioles,0,58,0,10,,58,251,54,29,27,8,56,24,3
19647,Matt Foster,999.0,CHW,White Sox,0,8,0,1,,8,35,8,4,4,1,7,3,0
sa3010658,Hunter McMahon,999.0,MIN,Twins,0,8,0,1,,8,35,9,4,4,1,6,3,0
19884,Corbin Martin,999.0,ARI,Diamondbacks,0,24,0,1,,24,105,24,13,12,3,22,10,1
21045,Seth Martinez,999.0,HOU,Astros,0,54,0,7,,54,235,52,28,26,8,52,22,3
19795,Keegan Thompson,999.0,CHC,Cubs,0,44,0,1,,44,192,42,24,22,6,42,20,2
sa3014876,Dugan Darnell,999.0,COL,Rockies,0,8,0,1,,8,36,9,5,5,1,7,4,0
25416,Blair Calvo,999.0,DET,Tigers,0,6,0,1,,6,27,6,3,3,1,5,3,0
22175,Max Kranick,999.0,NYM,Mets,0,12,0,1,,12,52,12,6,6,2,11,4,1
20277,Cory Abbott,999.0,,,0,8,0,1,,8,34,7,4,4,1,8,3,0
sa3003159,Juan Mejia,999.0,COL,Rockies,0,6,0,1,,6,27,6,4,4,1,5,3,0
21093,Nick Vespi,999.0,BAL,Orioles,0,33,0,1,,33,142,32,16,15,4,29,12,1
sa828669,Grant Holmes,999.0,ATL,Braves,0,10,0,1,,10,44,10,6,5,1,9,4,0
sa3014478,Zach McCambley,999.0,MIA,Marlins,0,12,0,1,,12,53,12,7,6,2,10,5,1
24604,Austin Cox,999.0,KCR,Royals,0,14,0,0,,10,44,10,5,5,1,8,4,0
10058,Tyler Matzek,999.0,ATL,Braves,0,54,0,7,,54,238,50,28,26,7,56,26,2
13182,Kyle Crick,999.0,NYM,Mets,0,8,0,1,,8,36,8,4,4,1,8,4,0
19926,Tony Santillan,999.0,CIN,Reds,0,25,0,1,,25,111,24,14,13,4,26,13,1
23779,Justin Bruihl,999.0,,,0,8,0,1,,8,36,9,5,4,1,6,4,0
sa3007585,Austin Schulfer,999.0,MIN,Twins,0,10,0,1,,10,44,10,5,5,1,8,4,1
sa3007929,Braydon Fisher,999.0,LAD,Dodgers,0,6,0,1,,6,27,6,3,3,1,6,3,0
20349,Zack Kelly,999.0,BOS,Red Sox,0,35,0,1,,35,154,34,19,18,4,33,17,2
sa3016850,Ryan Loutos,999.0,STL,Cardinals,0,33,0,1,,33,144,33,17,16,4,27,14,1
sa3007926,Tim Cate,999.0,WSN,Nationals,0,33,0,1,,33,145,34,18,17,4,25,14,1
sa829628,Logan Sawyer,999.0,STL,Cardinals,0,12,0,1,,12,53,12,7,6,2,10,5,1
18318,Jacob Waguespack,999.0,TBR,Rays,0,17,0,1,,17,73,17,9,8,2,15,6,1
sa3014431,R.J. Dabovich,999.0,SFG,Giants,0,24,0,1,,24,105,22,12,12,3,25,11,1
sa3010633,Cody Laweryson,999.0,MIN,Twins,0,19,0,1,,19,82,19,10,10,3,17,7,1
12575,Nick Ramirez,999.0,NYY,Yankees,0,48,0,1,,48,208,50,25,23,7,37,16,2
sa3011481,Trevor Brigden,999.0,TBR,Rays,0,12,0,1,,12,52,11,6,6,2,12,5,1
15541,Tyler Rogers,738.9400024414062,SFG,Giants,0,64,2,12,,64,278,69,34,31,7,46,19,3
sa3011532,Nick Avila,999.0,SFG,Giants,0,8,0,1,,8,35,8,4,4,1,6,3,0
sa3015121,Erik Sabrowski,999.0,CLE,Guardians,0,17,0,1,,17,75,16,9,8,2,17,9,1
13707,Joey Krehbiel,999.0,,,0,6,0,1,,6,26,6,3,3,1,5,2,0
21549,Jackson Kowar,999.0,SEA,Mariners,0,51,0,4,,51,221,47,25,23,6,52,22,3
sa3010825,Justin Yeager,999.0,MIL,Brewers,0,17,0,1,,17,75,16,9,9,2,17,9,1
21761,José Marte,999.0,LAA,Angels,0,10,0,1,,10,45,10,6,5,1,10,6,1
22210,Jeremiah Estrada,744.260009765625,SDP,Padres,0,40,0,1,,40,175,35,21,19,6,44,21,2
25921,Casey Legumina,999.0,CIN,Reds,0,32,0,1,,32,140,33,18,17,5,28,13,1
29628,Alek Jacob,999.0,SDP,Padres,0,44,0,1,,44,190,43,23,21,6,38,16,2
10756,Shane Greene,999.0,,,0,8,0,1,,8,35,8,5,4,1,7,3,0
20080,Mauricio Llovera,999.0,SEA,Mariners,0,33,0,1,,33,142,31,16,15,5,31,12,2
17480,Daniel Duarte,999.0,TEX,Rangers,0,28,0,1,,28,124,28,16,15,4,25,14,2
29754,Sam Bachman,999.0,LAA,Angels,0,40,0,1,,40,177,39,22,20,5,36,20,2
10291,Ryan Tepera,999.0,,,0,25,0,0,,25,109,24,13,12,4,23,10,1
19588,Guillermo Zuñiga,999.0,STL,Cardinals,0,42,0,1,,42,183,38,22,20,6,42,20,2
12323,Jacob Barnes,999.0,,,0,22,0,0,,22,96,23,12,11,3,18,8,1
21513,Thaddeus Ward,999.0,WSN,Nationals,0,40,0,1,,40,177,40,22,21,5,34,19,2
sa3011496,Ryan Jensen,999.0,MIN,Twins,0,14,0,1,,14,62,14,8,7,2,13,7,1
26068,Kolton Ingram,999.0,LAA,Angels,0,38,0,1,,38,167,36,20,19,5,36,19,2
sa3014845,Noah Skirrow,999.0,PHI,Phillies,2,2,0,0,,9,42,10,6,6,2,6,4,0
sa3010259,Andrew Bash,999.0,TOR,Blue Jays,0,6,0,1,,6,27,6,4,3,1,5,2,0
sa3014487,Will Klein,999.0,KCR,Royals,0,28,0,1,,28,125,27,15,14,3,26,16,1
23265,Cody Bolton,999.0,SEA,Mariners,0,14,0,1,,14,61,13,7,7,2,14,6,1
sa3007834,Taylor Lehman,999.0,PHI,Phillies,0,19,0,1,,19,84,19,11,10,3,16,9,1
25348,Devin Sweet,999.0,DET,Tigers,0,28,0,1,,28,122,28,16,15,4,24,11,1
sa915622,Kade McClure,999.0,,,0,19,0,1,,19,83,20,10,9,3,15,6,1
22872,Yoendrys Gómez,999.0,NYY,Yankees,0,24,0,1,,24,104,22,12,12,4,24,10,1
22288,Mason Englert,999.0,DET,Tigers,0,22,0,1,,22,95,23,12,11,3,18,7,1
14677,Duane Underwood Jr.,999.0,,,0,12,0,1,,12,53,12,7,6,2,10,5,1
21863,George Soriano,999.0,MIA,Marlins,0,54,0,7,,54,236,52,29,27,7,50,24,3
25650,Levi Stoudt,999.0,CIN,Reds,0,17,0,1,,17,75,18,11,10,3,13,7,1
sa3014786,Wil Jensen,999.0,SFG,Giants,0,12,0,1,,12,52,12,7,6,2,10,4,1
sa3011531,Chris Wright,999.0,SFG,Giants,0,10,0,1,,10,45,9,5,5,1,10,6,0
sa3014857,Carson Coleman,999.0,TEX,Rangers,0,35,0,1,,35,154,34,19,18,5,33,16,2
14975,Chad Kuhl,999.0,CHW,White Sox,0,28,0,1,,28,122,27,15,14,5,27,12,1
24937,Austin Warren,999.0,LAA,Angels,0,19,0,1,,19,84,20,11,10,3,16,8,1
10843,Adam Kolarek,999.0,,,0,17,0,1,,17,76,18,10,9,2,12,8,1
sa3007997,Eli Villalobos,999.0,MIA,Marlins,0,10,0,1,,10,45,10,6,5,1,8,5,0
22461,Logan Gillaspie,999.0,SDP,Padres,0,19,0,1,,19,83,19,10,9,3,16,7,1
sa3011200,Colby White,999.0,TBR,Rays,0,44,0,1,,44,191,40,22,21,6,45,19,2
sa3008067,Cam Sanders,999.0,CHC,Cubs,0,18,0,1,,18,80,17,10,9,2,18,10,1
16306,Gerardo Reyes,999.0,OAK,Athletics,0,17,0,1,,17,75,16,9,8,2,17,9,1
sa3014447,Shane Drohan,999.0,CHW,White Sox,0,58,0,9,,58,252,56,30,28,9,52,24,2
23293,Codi Heuer,999.0,,,0,48,0,0,,48,209,48,26,24,7,42,20,2
sa1115967,John Doxakis,999.0,CLE,Guardians,0,8,0,1,,8,35,8,5,4,1,6,3,1
sa3014854,Holden Powell,999.0,WSN,Nationals,0,12,0,1,,12,54,12,7,7,2,10,6,1
sa3017201,Nick Dombkowski,999.0,PIT,Pirates,0,12,0,1,,12,53,13,7,7,2,9,4,1
sa3009935,Stephen Jones,999.0,COL,Rockies,0,24,0,1,,24,108,26,15,14,4,20,11,1
24606,Josh Winder,999.0,MIN,Twins,0,44,0,1,,44,192,45,24,22,6,39,15,2
13763,Dominic Leone,999.0,,,0,48,0,0,,48,209,46,25,24,7,47,21,2
24681,Kelvin Caceres,999.0,LAA,Angels,0,36,0,1,,36,161,33,20,18,4,37,22,2
10314,Erasmo Ramírez,999.0,TBR,Rays,0,21,0,1,,21,90,22,11,10,3,16,6,1
sa3010309,Justin Slaten,999.0,BOS,Red Sox,0,53,0,7,,53,234,52,30,28,8,51,25,2
16128,John Curtiss,999.0,,,0,46,0,0,,46,200,47,25,24,7,38,17,2
22296,Joe Barlow,999.0,,,0,11,0,1,,11,49,11,7,6,2,9,5,0
sa3014493,Bailey Horn,999.0,CHC,Cubs,0,25,0,1,,25,111,24,14,13,4,23,12,1
sa3008662,Cole Winn,999.0,TEX,Rangers,3,20,0,1,,35,161,36,22,21,6,30,19,2
15855,Wander Suero,999.0,HOU,Astros,0,17,0,1,,17,75,17,10,9,3,14,7,1
10337,Edwin Escobar,999.0,CHC,Cubs,0,16,0,0,,16,78,17,11,10,3,15,8,1
sa3017262,Eric Torres,999.0,LAA,Angels,0,12,0,1,,12,55,11,7,7,2,12,8,1
13528,Matt Bowman,999.0,,,0,28,0,1,,28,124,29,15,14,3,23,12,1
21367,Peter Strzelecki,999.0,ARI,Diamondbacks,0,38,0,1,,38,167,37,21,20,5,35,16,2
sa3010837,Bradley Hanner,999.0,CLE,Guardians,0,12,0,1,,12,54,12,7,7,2,10,6,1
8801,Wilking Rodríguez,999.0,STL,Cardinals,0,17,0,0,,17,83,18,11,10,3,16,8,1
sa3010615,Randy Labaut,999.0,CLE,Guardians,0,10,0,1,,10,45,10,6,5,2,8,5,0
sa3010781,Morgan McSweeney,999.0,BAL,Orioles,0,12,0,1,,12,54,12,7,6,2,10,6,1
20132,Adam Oller,999.0,CLE,Guardians,0,24,0,1,,24,105,24,13,13,4,21,9,1
24737,Gus Varland,999.0,LAD,Dodgers,0,44,0,1,,44,194,44,24,23,7,40,19,2
sa3016913,Andre Granillo,999.0,STL,Cardinals,0,19,0,1,,19,84,18,11,10,3,17,10,1
26128,Amos Willingham,999.0,WSN,Nationals,0,44,0,1,,44,195,46,26,24,7,34,18,2
25071,Lane Ramsey,999.0,CHW,White Sox,0,38,0,1,,38,170,38,23,21,6,34,19,2
25427,Gavin Hollowell,999.0,COL,Rockies,0,54,0,6,,54,240,57,34,32,9,49,24,3
sa918814,Nathan Webb,999.0,BAL,Orioles,0,21,0,1,,21,93,21,12,11,3,18,10,1
sa3006366,Randy Rodríguez,999.0,SFG,Giants,0,21,0,1,,21,94,20,12,11,3,20,12,1
sa3018288,Luis Guerrero,999.0,BOS,Red Sox,0,28,0,1,,28,126,28,17,16,4,26,15,1
sa3010306,Logan Gragg,999.0,STL,Cardinals,0,21,0,1,,21,92,23,12,11,3,14,7,1
13420,Matt Koch,999.0,COL,Rockies,0,28,0,1,,28,125,32,19,17,5,21,10,1
sa917966,Sean Reynolds,999.0,SDP,Padres,0,17,0,1,,17,77,17,10,9,3,14,9,1
19990,Bryse Wilson,750.5499877929688,MIL,Brewers,0,60,0,11,,60,259,63,33,30,10,49,17,3
sa3011336,Erik Miller,999.0,SFG,Giants,0,58,0,10,,58,256,52,29,27,7,61,32,2
25645,Declan Cronin,999.0,HOU,Astros,0,28,0,1,,28,124,30,16,15,3,19,12,2
22815,Luis Patiño,745.7100219726562,SDP,Padres,0,48,0,4,,48,210,47,26,25,8,42,21,2
sa3014860,Evan Reifert,999.0,TBR,Rays,0,33,0,1,,33,148,30,18,17,4,33,19,2
16610,J.P. Feyereisen,999.0,LAD,Dodgers,0,54,0,7,,54,238,54,31,29,9,49,23,2
10547,Jimmy Nelson,999.0,,,0,23,0,0,,23,102,22,13,12,3,23,12,1
23307,Collin Snider,999.0,ARI,Diamondbacks,0,35,0,1,,35,158,38,21,19,4,25,18,2
8110,Bryan Shaw,999.0,,,0,50,0,0,,50,220,49,27,25,6,45,22,3
4264,Mark Melancon,999.0,,,0,43,0,0,,43,190,47,24,22,5,30,17,2
16814,Tim Hill,999.0,CHW,White Sox,0,61,1,11,,61,267,66,33,30,8,40,23,4
17948,Trent Thornton,999.0,SEA,Mariners,0,61,0,12,,61,264,60,32,30,9,54,22,2
16631,Jeff Brigham,999.0,,,0,27,0,0,,27,119,25,15,14,4,27,12,1
23488,Ron Marinaccio,999.0,NYY,Yankees,0,58,0,11,,58,256,51,31,29,8,63,30,4
19268,Justin Dunn,999.0,,,11,11,0,0,,63,285,67,43,40,12,48,30,4
15288,Adam Cimber,999.0,LAA,Angels,0,60,0,12,,60,263,66,35,32,9,41,20,4
7115,Daniel Bard,742.77001953125,COL,Rockies,0,63,3,13,,63,288,65,40,38,9,58,37,4
17264,Sam Coonrod,999.0,,,0,42,0,0,,42,186,42,23,22,6,36,20,2
19541,Jimmy Lambert,999.0,CHW,White Sox,0,63,1,14,,63,278,61,36,34,11,59,29,3
15594,Nick Wittgren,999.0,,,0,28,0,0,,28,124,30,17,15,4,21,10,2
15846,Adam Plutko,999.0,,,10,10,0,0,,55,249,63,38,36,12,37,22,3
10430,Mychal Givens,999.0,,,0,50,0,0,,50,222,50,29,27,8,44,24,3
10133,Brad Boxberger,999.0,,,0,53,0,0,,53,236,54,31,29,8,45,24,3
20276,Deivi García,748.8099975585938,CHW,White Sox,0,62,1,12,,62,277,60,37,35,11,57,32,4
