playerid,PlayerName,minpos,ADP,Team,ShortName,G,AB,PA,H,1B,2B,3B,HR,R,RBI,BB,IBB,SO,HBP,SF,SH,SB,CS
18401,Ronald Acuña Jr.,OF,1.0,ATL,Braves,157,581,679,185,111,34,3,37,132,97,77,3,105,10,4,6,55,14
20123,Juan Soto,OF,11.229999542236328,NYY,Yankees,157,535,679,152,85,27,1,39,118,105,132,10,110,4,5,3,12,5
15640,Aaron Judge,OF,11.449999809265137,NYY,Yankees,152,545,658,147,78,23,1,45,109,112,101,12,176,5,5,2,8,3
13611,Mookie Betts,OF,5.130000114440918,LAD,Dodgers,157,580,679,162,93,35,2,32,113,87,80,2,108,9,4,6,14,4
19556,Yordan Alvarez,DH/OF,17.770000457763672,HOU,Astros,141,515,609,154,82,32,2,38,99,110,79,6,121,10,5,1,1,1
19709,Fernando Tatis Jr.,SS/OF,8.029999732971191,SDP,Padres,156,596,672,166,93,34,1,37,99,104,64,1,145,5,5,2,27,8
23697,Julio Rodríguez,OF,2.8399999141693115,SEA,Mariners,156,602,672,170,100,34,3,33,102,94,51,5,153,9,5,4,31,11
26288,Adley Rutschman,C/DH,54.54999923706055,BAL,Orioles,149,507,600,138,88,30,1,19,85,68,79,4,94,5,4,4,3,1
18345,Kyle Tucker,OF,6.550000190734863,HOU,Astros,157,594,679,170,97,35,4,34,103,110,75,7,102,3,5,2,26,7
13510,José Ramírez,3B,14.84000015258789,CLE,Guardians,154,581,665,164,96,37,4,27,93,97,73,18,82,5,5,1,23,7
26289,Gunnar Henderson,3B/SS,33.939998626708984,BAL,Orioles,143,539,616,141,81,28,5,26,89,76,63,1,146,5,4,5,11,4
13624,Corey Seager,SS,19.350000381469727,TEX,Rangers,138,523,595,153,90,33,1,29,93,87,58,7,97,6,4,4,3,1
25878,Corbin Carroll,OF,4.159999847412109,ARI,Diamondbacks,157,594,679,162,96,32,9,26,104,84,64,1,138,12,5,5,42,11
25764,Bobby Witt Jr.,SS,2.7100000381469727,KCR,Royals,156,614,672,171,101,32,8,30,101,93,43,1,116,6,5,4,42,14
17350,Rafael Devers,3B,24.709999084472656,BOS,Red Sox,154,586,665,167,93,38,1,35,103,102,63,9,127,8,5,4,5,2
14344,Matt Olson,1B,17.479999542236328,ATL,Braves,157,576,679,155,82,29,2,42,107,117,91,7,154,6,5,2,1,1
25931,Michael Harris II,OF,34.029998779296875,ATL,Braves,149,592,644,172,106,38,3,25,89,92,37,1,124,7,5,3,24,7
17678,Alex Bregman,3B,106.80999755859375,HOU,Astros,157,576,679,154,95,32,2,24,98,87,85,1,86,9,5,3,3,1
5361,Freddie Freeman,1B,9.130000114440918,LAD,Dodgers,157,585,679,177,110,39,2,26,104,98,77,10,113,10,5,2,13,4
12916,Francisco Lindor,SS,25.420000076293945,NYM,Mets,156,592,672,150,93,28,2,27,88,90,64,1,131,9,5,1,21,7
19611,Vladimir Guerrero Jr.,1B,33.650001525878906,TOR,Blue Jays,154,582,665,166,98,32,1,36,97,108,69,5,99,7,5,1,7,3
20503,William Contreras,C,79.5199966430664,MIL,Brewers,149,528,602,144,90,29,1,23,81,76,60,2,133,5,4,4,4,2
12533,Marcus Semien,2B/SS,31.290000915527344,TEX,Rangers,157,603,679,160,97,32,3,27,100,78,60,1,111,5,4,6,16,5
19755,Shohei Ohtani,DH,13.1899995803833,LAD,Dodgers,151,548,651,150,79,27,5,38,110,102,89,18,163,5,5,4,19,7
16578,Yandy Díaz,1B/3B,139.35000610351562,TBR,Rays,146,536,630,158,105,32,1,20,93,68,77,1,93,7,4,6,3,1
10155,Mike Trout,OF,76.12999725341797,LAA,Angels,146,539,630,140,76,27,2,35,96,91,73,5,176,9,5,4,3,1
18360,Austin Riley,3B,20.100000381469727,ATL,Braves,157,604,679,166,96,32,2,36,98,112,58,3,164,11,5,1,3,1
19612,Bo Bichette,SS,38.900001525878906,TOR,Blue Jays,149,595,644,174,112,35,2,24,90,85,37,0,125,4,5,4,11,4
11579,Bryce Harper,OF,16.709999084472656,PHI,Phillies,146,530,630,150,85,34,1,29,92,95,89,9,137,6,5,1,12,4
19197,Will Smith,C,85.70999908447266,LAD,Dodgers,130,444,514,114,68,22,2,22,69,75,56,2,89,11,4,1,2,1
16997,Gleyber Torres,2B/SS,90.5199966430664,NYY,Yankees,149,572,644,154,99,29,2,25,85,88,61,1,112,4,5,2,14,5
11493,Manny Machado,3B,72.2300033569336,SDP,Padres,154,595,665,160,98,29,1,32,88,101,61,4,128,3,5,1,6,2
12161,Xander Bogaerts,SS,111.80999755859375,SDP,Padres,149,571,644,158,106,31,2,20,83,77,58,1,117,7,5,3,11,4
16556,Ozzie Albies,2B,22.520000457763672,ATL,Braves,151,590,651,163,98,33,4,28,97,91,46,1,109,6,5,4,13,4
16252,Trea Turner,SS,11.899999618530273,PHI,Phillies,157,618,679,172,111,35,4,22,95,83,46,1,135,5,5,4,25,6
5417,Jose Altuve,2B,42.939998626708984,HOU,Astros,147,556,637,152,96,30,2,24,97,73,64,1,103,7,4,6,15,5
20437,Royce Lewis,3B,53.38999938964844,MIN,Twins,138,533,595,144,87,29,2,27,79,88,50,0,132,7,5,1,13,5
12927,Brandon Nimmo,OF,196.02999877929688,NYM,Mets,146,537,630,145,94,28,5,19,90,63,72,0,127,11,4,6,6,2
13613,Ketel Marte,2B/SS,121.16000366210938,ARI,Diamondbacks,151,572,651,158,97,34,6,21,91,79,65,3,112,6,5,4,7,3
19950,Andrés Giménez,2B,108.6500015258789,CLE,Guardians,151,585,651,155,102,31,4,19,82,76,39,3,122,18,5,4,27,8
9777,Nolan Arenado,3B,102.94000244140625,STL,Cardinals,156,610,672,160,97,32,2,29,86,102,51,5,103,5,5,1,4,2
20036,Isaac Paredes,3B,181.5500030517578,TBR,Rays,134,499,581,123,71,25,1,27,76,81,65,0,100,10,5,2,1,1
21534,Cal Raleigh,C,139.47999572753906,SEA,Mariners,138,498,557,115,60,24,1,29,69,82,50,1,149,4,4,1,1,1
14162,Carlos Correa,SS,257.739990234375,MIN,Twins,138,521,595,137,85,29,2,21,76,77,63,2,125,5,4,2,1,0
20043,Luis Robert Jr.,OF,32.029998779296875,CHW,White Sox,149,591,644,158,92,33,1,32,84,95,37,4,163,10,5,1,19,6
15491,J.P. Crawford,SS,268.0,SEA,Mariners,149,549,644,142,97,31,1,13,82,57,78,1,112,7,4,6,4,2
19251,Pete Alonso,1B,29.059999465942383,NYM,Mets,156,585,672,146,77,25,2,42,96,113,68,8,147,13,5,1,4,2
22581,Alejandro Kirk,C/DH,265.2300109863281,TOR,Blue Jays,100,349,402,96,65,19,1,12,49,49,43,1,45,4,3,3,1,0
19352,Sean Murphy,C,143.4499969482422,ATL,Braves,105,362,420,90,52,20,1,17,55,57,43,0,94,10,3,2,1,0
sa3012640,Jung Hoo Lee,OF,251.64999389648438,SFG,Giants,134,519,581,151,104,32,4,11,78,54,48,6,53,5,4,6,8,3
21479,Nico Hoerner,2B/SS,61.060001373291016,CHC,Cubs,152,591,658,166,121,30,4,12,84,65,47,1,80,11,5,4,31,10
16930,Jonah Heim,C,171.25999450683594,TEX,Rangers,131,471,523,116,72,25,1,18,59,64,42,1,102,3,4,3,3,1
26121,Francisco Alvarez,C,144.97000122070312,NYM,Mets,123,436,497,101,56,18,1,27,63,70,49,1,125,6,4,3,3,1
9218,Paul Goldschmidt,1B,86.97000122070312,STL,Cardinals,156,577,672,155,96,31,1,28,97,88,81,4,154,5,5,4,8,3
29695,Matt McLain,2B/SS,61.189998626708984,CIN,Reds,138,519,595,133,79,28,3,23,84,73,59,1,154,8,4,4,17,7
22664,Gabriel Moreno,C,152.74000549316406,ARI,Diamondbacks,130,464,516,132,92,26,2,12,60,62,41,0,92,6,4,2,7,3
15986,Willy Adames,SS,187.4499969482422,MIL,Brewers,151,574,651,136,77,30,2,27,80,87,67,2,169,4,5,2,7,3
22514,Triston Casas,1B,112.58000183105469,BOS,Red Sox,143,516,616,134,76,27,3,29,85,89,89,4,140,4,5,1,2,1
18568,Luis Arraez,2B,157.77000427246094,MIA,Marlins,143,555,616,176,133,31,3,9,80,58,47,7,43,4,4,5,5,2
27506,Ha-Seong Kim,2B/SS,87.26000213623047,SDP,Padres,143,538,616,133,89,26,1,16,78,59,63,1,119,6,4,5,26,7
18314,Dansby Swanson,SS,124.38999938964844,CHC,Cubs,154,594,665,149,95,29,2,22,79,80,57,0,163,5,5,3,11,4
19290,Randy Arozarena,OF,46.709999084472656,TBR,Rays,151,567,651,147,91,30,3,23,84,85,66,1,163,12,5,1,24,10
21454,Lars Nootbaar,OF,205.16000366210938,STL,Cardinals,126,464,546,119,76,23,2,19,73,68,73,2,111,3,4,2,9,3
27478,Patrick Bailey,C,999.0,SFG,Giants,105,374,416,86,56,19,1,10,42,43,32,0,108,4,3,3,2,1
19918,Daulton Varsho,OF,212.61000061035156,TOR,Blue Jays,138,532,595,127,73,25,3,26,73,79,50,0,138,5,4,3,17,6
17919,Ian Happ,OF,152.97000122070312,CHC,Cubs,154,572,665,142,86,31,3,22,81,83,81,2,158,7,5,1,11,4
25976,Riley Greene,OF,174.2899932861328,DET,Tigers,143,547,616,150,99,28,5,17,80,68,56,0,155,5,4,4,8,3
21711,Oneil Cruz,SS,88.41999816894531,PIT,Pirates,128,487,553,122,72,23,4,23,79,64,53,1,143,4,4,5,19,7
25768,CJ Abrams,SS,40.869998931884766,WSN,Nationals,141,557,609,145,95,29,5,17,78,62,31,1,108,11,4,5,35,10
27647,Anthony Volpe,SS,131.89999389648438,NYY,Yankees,143,543,616,124,72,27,3,21,76,75,56,0,150,7,5,5,23,8
15362,Jeff McNeil,2B/OF,290.1300048828125,NYM,Mets,144,562,623,162,115,33,3,12,76,67,41,0,70,12,5,3,6,2
24610,Steven Kwan,OF,204.4499969482422,CLE,Guardians,151,571,651,160,115,31,5,9,86,55,65,2,70,5,4,6,19,6
sa3020241,Jackson Holliday,SS,219.32000732421875,BAL,Orioles,126,467,546,119,82,24,3,10,62,55,66,2,126,4,4,4,8,4
12856,George Springer,OF,123.58000183105469,TOR,Blue Jays,146,556,630,144,91,25,2,26,90,72,57,1,121,7,4,6,15,5
26294,Bryson Stott,2B/SS,102.41999816894531,PHI,Phillies,146,570,630,152,103,32,2,15,73,70,48,1,109,5,4,3,21,7
19326,Bryan Reynolds,OF,93.61000061035156,PIT,Pirates,149,566,644,152,94,30,4,24,90,80,61,3,139,9,5,4,9,4
16505,Matt Chapman,3B,267.80999755859375,,,144,540,623,124,71,28,2,24,74,78,69,1,180,7,5,2,4,2
11739,J.T. Realmuto,C,72.4800033569336,PHI,Phillies,130,460,513,116,71,23,3,18,61,65,38,2,123,9,4,2,14,4
18882,Brandon Lowe,2B,272.3900146484375,TBR,Rays,117,437,504,105,60,21,1,22,69,64,54,1,131,7,4,3,5,2
21636,Jeremy Peña,SS,222.61000061035156,HOU,Astros,147,581,637,153,102,30,3,19,77,78,38,1,134,8,5,5,14,6
11477,Christian Yelich,OF,84.31999969482422,MIL,Brewers,151,551,651,144,93,29,2,20,92,66,85,6,149,5,4,6,21,5
31347,Zach Neto,SS,270.0299987792969,LAA,Angels,141,543,609,136,85,29,1,20,75,71,41,1,136,15,5,5,11,4
15998,Cody Bellinger,1B/OF,61.0,,,152,592,658,152,93,30,2,27,82,89,54,2,137,5,5,3,19,6
27676,Vinnie Pasquantino,1B/DH,174.5800018310547,KCR,Royals,136,512,588,141,85,31,2,24,79,84,65,4,80,6,4,1,2,1
18577,Ke'Bryan Hayes,3B,167.83999633789062,PIT,Pirates,141,553,609,147,95,31,5,16,74,73,46,1,125,4,5,2,17,6
16478,Kyle Schwarber,OF,92.9000015258789,PHI,Phillies,156,553,672,124,62,20,2,41,104,89,102,4,194,7,4,6,6,2
26299,Josh Jung,3B,113.19000244140625,TEX,Rangers,152,602,658,152,91,30,2,28,80,92,41,0,187,7,5,2,4,2
11609,Willson Contreras,C,140.35000610351562,STL,Cardinals,123,426,493,107,64,22,1,21,65,67,48,0,113,13,4,2,5,3
23003,Yainer Diaz,C/DH,109.6500015258789,HOU,Astros,110,411,441,112,68,22,1,22,56,66,20,0,83,4,3,2,1,1
12861,Anthony Rendon,3B,481.67999267578125,LAA,Angels,133,492,574,126,80,28,1,17,70,69,67,1,103,8,5,2,4,2
22263,Nolan Gorman,2B,192.8699951171875,STL,Cardinals,118,451,511,111,64,20,1,27,66,74,50,1,146,4,4,2,6,2
13152,Jorge Polanco,2B/SS,267.1600036621094,MIN,Twins,141,535,609,134,84,28,1,21,74,76,63,1,138,5,5,1,6,3
13419,Christian Walker,1B,92.4800033569336,ARI,Diamondbacks,154,587,665,150,87,31,2,30,86,99,65,3,137,7,5,1,6,2
12144,Max Kepler,OF,281.1300048828125,MIN,Twins,133,502,574,126,75,25,2,23,72,76,59,1,114,6,4,2,4,2
19858,Luis Rengifo,2B,253.02999877929688,LAA,Angels,141,549,609,143,94,24,4,21,79,69,45,1,108,7,4,5,10,4
17548,Taylor Ward,OF,227.64999389648438,LAA,Angels,138,521,595,137,86,28,1,22,77,77,60,0,126,8,4,2,6,3
17929,Cedric Mullins,OF,152.25999450683594,BAL,Orioles,141,545,609,136,87,28,3,19,74,68,51,1,124,6,4,3,28,8
14161,Byron Buxton,OF,288.8399963378906,MIN,Twins,126,485,546,113,56,26,2,28,70,76,47,2,162,8,4,2,10,3
26031,Vaughn Grissom,2B/SS,253.0,BOS,Red Sox,123,471,532,134,92,29,3,10,63,60,44,1,86,9,4,4,9,4
19566,Nathaniel Lowe,1B,211.02999877929688,TEX,Rangers,157,590,679,158,102,30,2,23,83,85,78,2,156,5,5,2,3,1
19953,Josh Lowe,OF,80.87000274658203,TBR,Rays,126,491,546,127,76,30,2,18,68,71,46,2,150,3,4,1,22,7
21865,Bo Naylor,C,160.10000610351562,CLE,Guardians,97,327,386,75,44,16,1,14,46,45,51,2,90,4,3,2,6,2
20454,Jazz Chisholm Jr.,2B/OF,77.6500015258789,MIA,Marlins,138,537,595,132,78,23,4,27,76,82,47,0,167,5,4,2,27,10
29766,Zack Gelof,2B,133.19000244140625,OAK,Athletics,138,531,595,126,76,28,2,20,73,64,51,1,168,5,4,4,19,7
13301,Max Muncy,1B/3B,181.4199981689453,LAD,Dodgers,125,448,539,102,56,18,1,26,73,76,79,3,136,6,4,1,2,1
30116,Seiya Suzuki,OF,115.41999816894531,CHC,Cubs,139,528,602,140,87,26,3,23,76,82,63,4,138,5,4,1,9,5
15518,Amed Rosario,SS,329.80999755859375,,,136,546,588,150,107,26,6,11,70,62,30,0,104,5,4,3,14,5
17232,Yoán Moncada,2B/3B,378.32000732421875,CHW,White Sox,144,554,623,139,89,29,1,18,69,72,57,1,170,6,4,1,3,1
27790,Evan Carter,OF,138.64999389648438,TEX,Rangers,141,523,609,131,85,25,4,17,74,73,74,2,155,7,4,1,15,7
21618,Alec Bohm,3B,172.4199981689453,PHI,Phillies,143,560,616,155,105,30,1,19,73,78,43,1,109,6,5,2,4,2
19287,Adolis García,OF,46.84000015258789,TEX,Rangers,149,580,644,140,78,28,2,31,82,95,52,1,184,6,5,1,13,5
23792,Alek Thomas,OF,324.8699951171875,ARI,Diamondbacks,131,517,567,135,88,27,5,15,63,66,37,1,109,6,4,3,10,4
17484,Eloy Jiménez,DH/OF,228.89999389648438,CHW,White Sox,141,552,609,153,95,27,1,29,77,89,46,2,125,4,5,2,1,0
16426,Thairo Estrada,2B,137.0,SFG,Giants,139,548,602,143,96,27,2,17,73,67,35,1,119,11,4,4,22,8
17982,Ty France,1B,315.2900085449219,SEA,Mariners,146,559,630,150,101,31,1,18,74,74,42,1,109,21,5,3,1,0
18839,Josh Naylor,1B/OF,129.10000610351562,CLE,Guardians,133,519,574,147,92,32,1,23,73,85,44,7,87,5,4,1,8,3
29617,Henry Davis,OF,238.2899932861328,PIT,Pirates,120,416,483,102,64,21,2,15,55,55,52,3,113,9,3,2,9,4
22275,Jake Burger,3B,160.5800018310547,MIA,Marlins,141,554,609,138,80,28,2,28,74,87,40,1,165,9,4,2,2,1
18900,Leody Taveras,OF,261.3900146484375,TEX,Rangers,136,532,588,138,89,29,3,17,70,69,43,1,130,4,5,4,17,6
24770,James Outman,OF,192.4499969482422,LAD,Dodgers,120,448,518,103,62,19,3,19,62,63,56,1,163,8,4,2,9,4
14551,Anthony Santander,OF,144.67999267578125,BAL,Orioles,149,577,644,145,84,31,1,29,81,92,52,1,142,8,5,1,3,2
19522,TJ Friedl,OF,149.38999938964844,CIN,Reds,134,509,581,130,83,22,6,18,81,62,53,1,103,10,4,5,21,7
9874,DJ LeMahieu,2B,369.8999938964844,NYY,Yankees,136,512,588,131,93,22,2,14,76,57,63,1,111,5,4,5,5,2
20126,Dylan Carlson,OF,584.2899780273438,STL,Cardinals,99,371,427,96,60,22,2,12,53,49,43,0,82,7,3,3,5,2
22244,Jack Suwinski,OF,248.1300048828125,PIT,Pirates,113,418,490,94,52,19,1,23,62,65,62,1,149,5,4,2,8,4
29622,Sal Frelick,OF,286.54998779296875,MIL,Brewers,133,506,574,134,93,27,3,11,64,64,56,1,85,6,4,1,12,5
16535,Danny Jansen,C,250.2899932861328,TOR,Blue Jays,109,391,442,92,51,19,1,22,56,64,39,1,90,8,3,1,1,1
20529,Nolan Jones,OF,58.2599983215332,COL,Rockies,139,521,602,138,83,28,4,23,78,80,70,2,172,5,5,1,16,6
24679,Brendan Donovan,2B/OF,286.260009765625,STL,Cardinals,118,439,511,122,87,22,2,12,70,50,55,2,78,10,3,4,7,3
19470,Tommy Edman,2B,159.97000122070312,STL,Cardinals,130,507,560,134,90,28,3,13,69,62,39,1,92,6,4,5,27,7
23565,Davis Schneider,2B,416.9700012207031,TOR,Blue Jays,99,362,427,84,48,19,1,16,51,50,55,0,114,5,3,2,5,2
18036,Jake Cronenworth,1B/2B,352.2900085449219,SDP,Padres,143,541,616,135,86,29,5,15,70,68,57,2,113,11,5,2,5,2
14221,Jorge Soler,DH/OF,158.74000549316406,,,144,540,623,132,72,26,1,33,88,88,69,3,157,6,4,3,2,1
16472,Rhys Hoskins,1B,203.38999938964844,,,147,551,637,133,73,29,2,29,88,82,71,0,160,6,5,4,4,2
19955,Gavin Lux,2B,255.67999267578125,LAD,Dodgers,107,406,462,108,73,20,4,11,59,53,46,0,91,3,4,4,9,3
22217,Luis Campusano,C,193.94000244140625,SDP,Padres,121,448,494,119,78,21,1,18,56,61,35,0,88,5,3,2,2,1
19599,Chas McCormick,OF,171.5500030517578,HOU,Astros,123,467,532,114,75,18,2,20,64,66,52,0,142,7,4,3,13,5
16725,Jose Trevino,C,570.3499755859375,NYY,Yankees,76,279,301,68,46,13,1,8,32,34,14,0,53,2,2,2,2,1
16622,Luis Urías,2B/3B/SS,485.80999755859375,SEA,Mariners,110,408,476,94,60,19,1,14,53,52,51,0,106,10,4,3,3,1
27815,Jordan Westburg,2B/3B,306.4200134277344,BAL,Orioles,97,374,420,95,59,21,2,13,51,49,35,0,99,5,3,3,6,2
26517,Noelvi Marte,3B,171.61000061035156,CIN,Reds,122,470,525,126,84,25,2,15,60,63,44,1,108,5,4,3,13,5
13066,Teoscar Hernández,OF,149.1300048828125,LAD,Dodgers,141,558,609,144,86,27,1,30,77,92,38,1,175,6,4,2,7,3
26668,Elly De La Cruz,3B/SS,22.579999923706055,CIN,Reds,130,504,560,124,73,24,5,21,69,71,46,2,169,4,4,2,31,11
31837,Masataka Yoshida,DH/OF,182.2899932861328,BOS,Red Sox,131,503,567,147,98,29,2,17,73,75,51,3,72,7,4,2,5,2
16219,J.D. Davis,3B,425.8999938964844,SFG,Giants,123,464,532,114,73,23,1,16,59,60,55,1,156,7,4,2,2,1
27465,Spencer Torkelson,1B,124.41999816894531,DET,Tigers,152,573,658,139,78,30,1,30,83,90,72,1,152,7,5,1,3,1
18373,Ryan Mountcastle,1B,240.7100067138672,BAL,Orioles,133,517,574,135,84,25,1,25,70,79,46,1,140,5,4,2,4,2
26197,Andrew Vaughn,1B/OF,235.2899932861328,CHW,White Sox,147,575,637,151,93,31,2,25,80,80,45,0,126,10,5,3,1,0
19363,Austin Hays,OF,308.05999755859375,BAL,Orioles,134,529,581,135,84,31,2,19,67,72,38,1,130,7,4,2,5,2
24618,Ryan Jeffers,C,249.89999389648438,MIN,Twins,91,317,363,74,43,14,1,15,44,46,35,1,100,5,3,3,3,1
22799,Geraldo Perdomo,SS,428.1000061035156,ARI,Diamondbacks,110,406,476,98,69,19,3,7,53,44,57,1,84,5,4,4,12,5
15161,Mitch Garver,C/DH,186.7100067138672,SEA,Mariners,123,453,522,106,62,19,1,24,64,71,58,1,137,6,4,1,2,1
27479,Masyn Winn,SS,367.05999755859375,STL,Cardinals,130,505,560,125,86,23,4,13,65,60,42,0,105,4,4,5,13,4
15711,Tyler O'Neill,OF,230.38999938964844,BOS,Red Sox,126,481,546,119,71,24,1,22,67,70,52,0,151,7,4,2,13,4
22715,Maikel Garcia,3B,216.5800018310547,KCR,Royals,125,483,539,130,93,27,3,7,62,50,45,1,108,3,4,4,21,7
23800,Parker Meadows,OF,283.739990234375,DET,Tigers,126,483,546,113,72,22,6,14,68,50,50,1,127,4,3,5,13,4
12564,Trevor Story,SS,178.10000610351562,BOS,Red Sox,146,565,630,132,77,32,2,21,74,79,52,2,179,8,4,1,22,7
27562,Austin Wells,C,302.6499938964844,NYY,Yankees,81,284,321,66,39,14,0,12,40,40,28,1,77,4,2,3,4,1
11899,Joc Pederson,OF,461.1300048828125,,,117,438,504,111,67,19,3,23,67,69,53,5,114,8,4,2,2,1
19859,René Pinto,C,398.32000732421875,TBR,Rays,109,396,429,90,53,20,1,16,48,51,22,0,131,4,3,3,3,1
26123,Brett Baty,3B,355.4200134277344,NYM,Mets,104,397,448,99,64,18,1,16,52,55,40,0,115,4,4,3,3,1
14854,Mike Yastrzemski,OF,492.9700012207031,SFG,Giants,120,450,518,105,60,26,2,18,60,62,56,2,135,6,4,3,4,2
18030,Harrison Bader,OF,390.9700012207031,NYM,Mets,104,408,448,100,66,19,2,13,52,51,28,0,90,5,3,3,19,6
12552,Eugenio Suárez,3B,274.1000061035156,ARI,Diamondbacks,146,548,630,127,77,25,1,23,74,78,66,0,185,9,5,2,2,1
27534,Edouard Julien,2B/DH,212.94000244140625,MIN,Twins,118,424,511,101,64,21,1,15,69,48,75,1,150,5,3,5,6,2
20202,Brandon Marsh,OF,329.1000061035156,PHI,Phillies,128,483,553,119,77,24,4,14,64,60,57,2,168,5,4,4,11,4
17452,Jose Siri,OF,282.6099853515625,TBR,Rays,120,474,518,105,61,20,3,21,58,65,32,0,175,5,4,3,17,6
24729,Logan O'Hoppe,C,158.4199981689453,LAA,Angels,107,376,426,94,57,16,1,21,53,59,39,0,88,6,3,2,3,1
19452,Jake Rogers,C,325.6099853515625,DET,Tigers,87,311,346,66,38,12,1,15,39,42,27,0,109,3,3,3,3,1
20391,Luis García,2B,379.45001220703125,WSN,Nationals,113,453,490,126,85,25,3,13,54,55,29,1,70,2,3,2,8,3
27475,Jordan Walker,OF,124.0,STL,Cardinals,131,505,567,135,87,26,2,20,68,73,47,0,127,7,4,3,9,4
17027,Alex Verdugo,OF,303.6099853515625,NYY,Yankees,115,450,497,120,81,24,2,13,59,57,38,1,77,4,3,2,5,2
17907,Brendan Rodgers,2B,359.4200134277344,COL,Rockies,134,528,581,145,96,31,3,16,66,69,40,0,109,6,4,2,1,1
13185,Orlando Arcia,SS,332.32000732421875,ATL,Braves,134,520,581,130,86,25,1,19,72,71,48,0,113,5,5,5,3,1
10324,Marcell Ozuna,OF,162.25999450683594,ATL,Braves,143,551,616,141,81,26,1,32,83,95,54,1,144,4,5,2,2,1
19610,Keibert Ruiz,C,168.19000244140625,WSN,Nationals,131,480,526,130,85,26,1,18,60,67,35,1,57,6,4,1,3,1
33189,Nolan Schanuel,1B,427.0,LAA,Angels,113,412,490,106,73,19,2,13,59,53,64,1,84,6,4,4,2,1
11445,Mark Canha,OF,423.5199890136719,DET,Tigers,125,463,539,119,80,24,1,14,62,60,53,1,95,17,4,2,7,3
21897,Christopher Morel,DH/OF,207.38999938964844,CHC,Cubs,128,494,553,120,67,23,3,27,69,75,48,0,162,4,4,3,11,4
15172,Tim Anderson,SS,341.260009765625,,,133,533,574,149,112,26,2,9,69,51,28,1,120,5,4,5,15,4
5827,Wilmer Flores,1B/2B,329.32000732421875,SFG,Giants,120,460,518,121,76,24,1,20,64,70,47,1,80,6,4,1,1,0
sa3022654,Wyatt Langford,OF,164.77000427246094,TEX,Rangers,94,351,406,92,56,19,2,16,54,52,45,0,94,4,3,3,9,4
14968,Victor Caratini,C,558.5800170898438,HOU,Astros,65,227,257,56,38,10,1,8,30,30,23,1,55,4,2,2,2,1
22186,Brice Turang,2B,325.5799865722656,MIL,Brewers,126,483,546,119,84,21,3,11,61,55,51,1,106,3,4,4,22,6
21538,Nick Fortes,C,507.260009765625,MIA,Marlins,86,305,339,73,49,14,1,10,38,37,24,0,62,6,3,3,6,2
18126,LaMonte Wade Jr.,1B/OF,375.67999267578125,SFG,Giants,123,451,532,110,70,20,2,18,67,62,68,3,107,7,4,2,3,1
sa3015704,Jackson Chourio,OF,151.94000244140625,MIL,Brewers,128,508,553,129,84,25,2,18,59,65,35,1,123,4,4,2,17,7
15112,Ryan McMahon,2B/3B,226.64999389648438,COL,Rockies,136,516,588,126,77,25,2,21,71,73,62,1,168,4,5,2,7,3
sa3014474,Colt Keith,2B/3B,999.0,DET,Tigers,94,364,406,95,60,21,2,12,47,47,33,1,89,3,3,3,2,1
3473,Anthony Rizzo,1B,277.3500061035156,NYY,Yankees,128,480,553,116,72,20,1,24,71,78,52,2,116,16,4,1,5,2
21523,Jonathan India,2B,233.47999572753906,CIN,Reds,100,375,434,96,62,20,1,14,55,51,42,0,91,11,3,2,8,3
12037,Jon Berti,3B,431.1300048828125,MIA,Marlins,107,409,462,105,76,19,3,7,52,44,41,1,94,4,4,4,23,7
26466,Matt Wallner,OF,318.260009765625,MIN,Twins,110,407,476,96,55,22,2,18,56,58,52,3,156,10,4,3,3,1
21780,Esteury Ruiz,OF,127.2300033569336,OAK,Athletics,117,452,504,112,77,25,2,9,56,47,33,1,103,12,4,3,49,14
22197,MJ Melendez,C/OF,291.3500061035156,KCR,Royals,134,503,581,121,70,26,3,22,77,65,67,1,147,3,4,4,7,3
17901,Andrew Benintendi,OF,373.2900085449219,CHW,White Sox,139,535,602,144,103,28,2,11,73,53,55,3,96,4,4,5,11,4
16376,Michael Conforto,OF,402.4200134277344,SFG,Giants,126,471,546,118,77,23,1,17,63,65,60,4,124,9,4,2,3,1
9774,Christian Vázquez,C,536.2899780273438,MIN,Twins,81,292,321,72,51,14,0,6,33,33,21,0,64,2,2,2,2,1
26323,Spencer Steer,1B/3B,117.70999908447266,CIN,Reds,131,498,567,127,77,28,2,20,71,74,55,1,122,9,4,1,8,4
19238,Lourdes Gurriel Jr.,OF,227.89999389648438,ARI,Diamondbacks,131,519,567,144,91,33,2,18,66,73,36,1,101,6,4,3,4,2
20599,Iván Herrera,C,445.3900146484375,STL,Cardinals,49,161,192,40,27,8,0,5,23,21,26,0,44,3,1,1,2,1
13145,Josh Bell,1B,281.739990234375,MIA,Marlins,143,535,616,138,87,27,1,23,79,76,69,2,120,4,4,3,1,1
23312,Ryan Noda,1B,429.45001220703125,OAK,Athletics,125,444,539,94,55,20,1,18,68,51,78,2,177,9,4,4,6,2
7304,Salvador Perez,C,138.61000061035156,KCR,Royals,139,528,565,137,86,24,1,26,68,82,23,4,136,10,4,1,1,0
sa3011309,Darell Hernaiz,SS,999.0,OAK,Athletics,107,420,462,105,75,21,2,7,46,42,30,0,79,4,4,4,9,3
11038,Kevin Kiermaier,OF,525.9000244140625,TOR,Blue Jays,99,385,427,94,61,19,4,9,49,45,31,0,100,4,3,3,11,3
30011,Christian Encarnacion-Strand,1B/DH,148.64999389648438,CIN,Reds,99,387,427,105,62,19,1,22,56,65,30,1,110,5,3,2,2,1
5517,Kyle Higashioka,C,599.739990234375,SDP,Padres,79,293,318,66,40,13,0,13,35,39,19,0,85,2,3,2,2,1
24617,Jarren Duran,OF,171.5800018310547,BOS,Red Sox,125,483,539,124,76,30,4,14,73,55,42,1,137,6,4,5,23,6
23772,Wilyer Abreu,OF,386.1000061035156,BOS,Red Sox,105,389,455,95,58,21,1,14,53,53,57,1,118,3,3,3,8,3
27684,Michael Massey,2B,366.0299987792969,KCR,Royals,113,450,490,114,73,25,1,15,53,57,29,0,106,6,3,2,7,3
20325,Alex Kirilloff,1B/OF,345.6099853515625,MIN,Twins,99,378,427,99,63,19,1,15,53,53,36,1,101,7,3,3,3,1
7739,Travis d'Arnaud,C,377.3500061035156,ATL,Braves,86,316,348,78,48,16,1,13,42,46,23,0,81,5,3,1,1,0
16939,Lane Thomas,OF,112.0999984741211,WSN,Nationals,147,574,637,143,86,31,3,23,80,72,47,0,159,7,4,4,15,6
20521,Nick Madrigal,2B/3B,652.3499755859375,CHC,Cubs,86,338,371,96,72,19,2,4,41,36,20,0,40,7,3,3,9,3
23690,Brayan Rocchio,3B/SS,492.0299987792969,CLE,Guardians,87,337,378,84,57,19,2,6,40,38,31,0,66,4,3,3,7,3
28163,Junior Caminero,3B/SS/DH,224.22999572753906,TBR,Rays,58,230,252,61,39,10,1,10,32,33,16,1,56,2,2,2,2,1
21840,Freddy Fermin,C,390.1600036621094,KCR,Royals,58,206,230,51,33,10,1,7,26,27,20,0,49,2,2,1,1,0
19354,Luke Raley,OF,329.8999938964844,SEA,Mariners,102,388,441,90,55,16,1,18,50,54,34,0,139,14,3,2,9,4
18564,Trent Grisham,OF,512.4199829101562,NYY,Yankees,63,233,273,52,30,11,1,10,35,32,33,0,72,3,2,2,6,2
17128,Ramón Laureano,OF,448.4200134277344,CLE,Guardians,128,490,553,113,68,25,3,17,62,64,45,1,152,12,4,2,14,5
22558,Jarred Kelenic,OF,222.47999572753906,ATL,Braves,123,469,532,115,66,27,2,19,68,68,51,4,142,4,4,4,14,6
sa3017623,Tyler Black,2B/3B,999.0,MIL,Brewers,89,327,385,79,49,16,4,10,46,41,46,1,86,6,3,2,15,6
sa3017342,Kyle Manzardo,1B,340.80999755859375,CLE,Guardians,97,365,420,89,51,20,1,16,49,53,46,0,90,4,3,2,2,1
21614,Kyle Isbel,OF,541.260009765625,KCR,Royals,104,404,448,101,64,23,3,11,50,49,33,0,96,4,4,3,11,4
15676,José Abreu,1B,286.3900146484375,HOU,Astros,143,550,616,144,95,28,1,19,74,81,50,1,131,10,4,1,1,0
9241,Starling Marte,OF,227.35000610351562,NYM,Mets,134,528,581,139,97,24,3,15,70,66,35,1,121,12,5,2,30,8
25616,Marco Luciano,SS,999.0,SFG,Giants,113,434,490,95,60,20,1,14,53,51,45,0,151,4,4,4,6,2
19627,Brent Rooker,DH/OF,310.1600036621094,OAK,Athletics,128,484,553,108,59,22,1,26,65,73,54,2,181,10,4,1,3,1
18171,Seth Brown,1B/OF,462.6099853515625,OAK,Athletics,113,441,490,104,59,22,2,21,57,65,42,1,133,3,3,1,6,2
10681,Gio Urshela,3B,561.1300048828125,LAA,Angels,92,366,399,100,70,19,2,9,43,45,25,0,74,3,3,2,3,1
27769,Pete Crow-Armstrong,OF,353.54998779296875,CHC,Cubs,97,378,420,92,60,18,3,11,48,45,30,0,115,5,3,3,16,6
13338,Omar Narváez,C,729.22998046875,NYM,Mets,66,233,264,57,40,10,1,6,28,27,25,1,52,3,2,2,1,0
25816,Shea Langeliers,C,241.77000427246094,OAK,Athletics,102,365,404,82,47,16,2,17,44,50,31,1,113,4,3,2,3,1
19913,Jesús Sánchez,OF,378.19000244140625,MIA,Marlins,107,412,462,104,63,20,3,18,54,59,41,1,119,4,3,2,3,1
2967,Tommy Pham,OF,293.2300109863281,,,131,499,567,123,79,24,2,18,69,66,56,1,136,5,4,2,16,5
13621,Jeimer Candelario,3B,215.2899932861328,CIN,Reds,134,515,581,129,76,30,2,21,71,78,52,1,135,8,4,1,4,2
21558,Matt Vierling,OF,380.8399963378906,DET,Tigers,94,364,406,93,64,17,3,9,44,42,33,0,84,4,3,2,8,3
20308,Jake Meyers,OF,601.9000244140625,HOU,Astros,92,356,399,85,56,17,2,11,46,44,31,0,104,5,3,3,7,2
19844,Abraham Toro,2B/3B,666.030029296875,OAK,Athletics,84,323,364,79,51,18,1,9,38,38,32,0,67,4,3,3,4,2
19734,Josh Rojas,2B/3B,467.4200134277344,SEA,Mariners,104,396,448,95,66,20,1,9,50,42,43,1,102,2,3,3,14,4
22823,Oswald Peraza,3B/SS,487.2300109863281,NYY,Yankees,66,257,287,63,42,11,1,9,34,33,21,0,63,5,2,2,9,3
22458,Taylor Walls,SS,491.7699890136719,TBR,Rays,94,348,406,73,46,16,2,9,44,39,50,0,103,3,3,3,15,5
24064,Ezequiel Tovar,SS,196.19000244140625,COL,Rockies,146,583,630,151,97,34,3,18,77,70,32,0,148,6,5,4,13,5
22563,Gabriel Arias,1B/SS,533.6500244140625,CLE,Guardians,71,276,308,66,42,14,1,10,34,36,25,0,84,3,2,2,4,2
15274,Mike Tauchman,OF,621.4199829101562,CHC,Cubs,86,315,371,76,51,17,1,8,47,32,46,1,88,4,2,3,5,2
14274,Mitch Haniger,OF,413.8399963378906,SEA,Mariners,126,491,546,115,70,22,1,23,61,68,43,1,142,7,4,2,2,1
19997,Santiago Espinal,2B/3B,733.260009765625,TOR,Blue Jays,78,303,336,81,58,18,1,5,36,34,26,1,49,3,3,2,5,2
21693,Miguel Amaya,C,461.260009765625,CHC,Cubs,63,217,251,49,30,10,1,8,28,27,24,1,67,6,2,2,1,1
17338,Willi Castro,OF,297.0299987792969,MIN,Twins,107,417,462,104,69,21,3,11,53,50,30,0,108,8,3,3,21,7
26368,JJ Bleday,OF,594.5499877929688,OAK,Athletics,117,429,504,93,54,20,2,17,54,53,65,0,127,4,4,2,6,2
4940,Jason Heyward,OF,534.3200073242188,LAD,Dodgers,94,361,406,91,59,18,1,13,49,50,35,1,78,4,3,3,4,1
16153,Austin Slater,OF,750.1900024414062,SFG,Giants,71,268,308,67,44,13,1,8,38,31,31,0,85,4,2,2,8,2
11489,Michael A. Taylor,OF,540.52001953125,,,109,425,469,98,65,16,2,16,52,54,33,0,138,4,4,3,10,4
19260,Jake Fraley,OF,319.0,CIN,Reds,104,387,448,96,59,19,1,18,59,58,50,2,98,5,3,2,16,6
21853,Will Benson,OF,303.9700012207031,CIN,Reds,110,397,476,89,53,17,5,15,59,54,66,1,143,5,4,4,16,6
19600,Bryan De La Cruz,OF,274.0,MIA,Marlins,141,558,609,146,94,31,1,20,69,76,40,0,141,4,5,2,4,2
5933,Jean Segura,2B/SS,748.3900146484375,CLE,Guardians,81,317,350,85,62,14,2,7,37,36,24,1,55,5,3,2,8,3
15223,Adam Frazier,2B,683.7100219726562,,,99,385,427,100,71,20,2,7,46,41,32,0,58,5,3,3,9,4
24336,Johan Rojas,OF,391.5799865722656,PHI,Phillies,97,386,420,97,67,19,3,8,49,43,23,0,86,5,3,3,22,6
23401,José Caballero,2B,456.6499938964844,TBR,Rays,71,258,308,59,40,12,1,5,35,29,37,0,70,8,2,2,17,6
18363,Victor Robles,OF,606.3499755859375,WSN,Nationals,118,455,511,111,74,24,3,11,57,50,36,1,117,11,4,4,20,6
4949,Giancarlo Stanton,OF,324.4800109863281,NYY,Yankees,105,400,455,92,50,14,1,27,60,70,47,2,134,3,3,2,1,0
13757,Chris Taylor,SS/OF,384.0,LAD,Dodgers,99,373,427,84,51,19,2,12,50,48,43,2,134,5,3,2,11,3
19252,Cavan Biggio,2B,458.54998779296875,TOR,Blue Jays,105,387,455,89,58,19,1,11,51,47,56,0,119,6,4,2,6,2
5297,Aaron Hicks,OF,745.1900024414062,,,117,429,504,100,69,17,2,12,56,50,65,2,119,4,4,3,8,3
17620,Myles Straw,OF,659.7100219726562,CLE,Guardians,96,367,413,91,69,18,2,2,43,33,37,0,74,2,3,3,17,4
25961,Kerry Carpenter,DH/OF,224.5800018310547,DET,Tigers,121,475,525,122,75,23,3,21,63,73,38,3,129,7,4,1,4,2
12976,Austin Hedges,C,999.0,CLE,Guardians,58,209,230,42,29,7,0,6,22,22,15,0,58,3,2,2,2,1
14894,Tony Kemp,2B/OF,745.7100219726562,,,91,342,392,87,61,17,2,7,47,36,39,0,47,5,3,3,11,4
11442,Gary Sánchez,C,430.6499938964844,,,89,317,361,68,38,13,0,16,42,46,34,0,100,5,3,2,1,1
22184,Mark Vientos,3B/DH,514.3900146484375,NYM,Mets,81,314,350,77,45,14,1,16,43,48,28,1,96,3,3,2,1,1
13620,Carson Kelly,C,682.8099975585938,DET,Tigers,62,214,243,49,31,10,1,7,26,26,23,0,54,3,2,2,2,1
16512,Isiah Kiner-Falefa,SS,543.1599731445312,TOR,Blue Jays,94,370,406,96,72,18,1,6,42,39,26,0,66,5,3,2,15,5
5235,Justin Turner,3B,262.1600036621094,,,130,498,560,130,87,27,1,16,66,66,48,0,104,8,4,2,3,1
19818,Joshua Palacios,OF,580.8400268554688,PIT,Pirates,83,321,357,85,57,15,2,11,43,42,25,0,72,5,3,3,8,3
26319,Michael Busch,3B/DH,428.5199890136719,CHC,Cubs,109,413,469,98,59,21,2,16,51,55,44,0,129,6,3,3,3,1
21622,Jake McCarthy,OF,371.7099914550781,ARI,Diamondbacks,79,307,343,79,54,14,4,7,41,37,27,0,71,5,3,2,21,6
9627,Yan Gomes,C,358.54998779296875,CHC,Cubs,99,361,392,91,61,17,1,11,42,45,19,1,76,6,3,3,2,1
24273,Liover Peguero,2B/SS,417.5199890136719,PIT,Pirates,99,390,427,97,65,19,2,11,46,48,27,0,97,3,3,3,12,5
14366,Joey Meneses,1B/DH,360.6499938964844,WSN,Nationals,143,566,616,151,99,31,1,20,69,79,40,1,132,5,4,1,1,0
18795,Ramón Urías,3B,710.6099853515625,BAL,Orioles,70,270,301,67,45,14,1,7,32,32,23,0,73,5,2,2,2,1
15429,Kris Bryant,3B/OF,290.7099914550781,COL,Rockies,128,491,553,132,83,28,1,20,69,74,50,1,114,7,4,1,2,1
13499,Tom Murphy,C,506.67999267578125,SFG,Giants,75,268,304,65,41,13,1,11,34,36,29,0,83,3,2,2,2,1
11615,Brandon Drury,2B/3B,230.25999450683594,LAA,Angels,134,533,581,133,78,28,2,25,71,80,35,0,144,7,4,1,3,1
16442,Ryan O'Hearn,1B,419.19000244140625,BAL,Orioles,100,400,434,103,65,19,1,17,51,61,26,1,104,4,3,1,3,2
22168,Akil Baddoo,OF,653.3200073242188,DET,Tigers,70,261,301,63,41,12,2,8,36,31,34,1,73,2,2,2,12,4
17988,Tyler Stephenson,C,227.80999755859375,CIN,Reds,97,341,385,87,58,17,1,11,45,44,35,1,93,4,3,2,2,1
15679,Rowdy Tellez,1B,417.9700012207031,PIT,Pirates,91,345,392,85,50,16,1,18,48,54,39,4,83,3,3,2,1,1
5343,Brandon Crawford,SS,750.3900146484375,,,91,349,392,83,55,16,1,11,42,43,33,2,91,5,3,2,3,1
sa3019868,Jakob Marsee,OF,999.0,SDP,Padres,63,234,273,54,37,10,1,6,30,26,32,0,62,3,2,2,8,3
10028,Christian Bethancourt,C,473.8699951171875,MIA,Marlins,68,250,269,61,39,13,0,9,29,32,13,0,66,2,2,2,2,1
15672,Austin Meadows,DH/OF,999.0,,,57,217,245,56,34,12,1,10,32,32,23,0,47,3,2,1,2,1
12979,Javier Báez,2B/SS,401.1300048828125,DET,Tigers,117,465,504,112,73,21,3,15,54,58,24,1,127,8,4,3,9,3
13590,Jesse Winker,OF,750.3900146484375,,,83,299,357,74,49,15,1,10,44,39,50,0,71,4,3,2,1,1
16530,Mauricio Dubón,2B/OF,487.1000061035156,HOU,Astros,75,297,322,78,55,14,1,8,38,35,18,0,49,3,2,2,5,2
15464,Hunter Renfroe,OF,373.1300048828125,KCR,Royals,97,380,420,95,55,21,1,18,51,57,33,0,92,3,3,1,1,0
8709,Elvis Andrus,SS,687.6099853515625,,,73,288,315,72,50,15,1,6,34,31,20,0,54,3,2,2,9,3
2396,Carlos Santana,1B,427.1600036621094,,,123,464,532,111,70,21,1,19,63,67,61,1,96,3,4,1,3,1
15674,Reese McGuire,C,726.0,BOS,Red Sox,65,235,256,58,39,14,1,4,26,25,15,0,59,3,2,2,2,1
22542,Lawrence Butler,OF,608.8699951171875,OAK,Athletics,76,300,329,73,47,15,1,9,34,35,22,1,83,2,2,2,6,2
26365,Jonny DeLuca,OF,519.3200073242188,TBR,Rays,75,289,322,67,39,15,1,11,37,39,25,1,70,4,2,2,5,2
22266,Xavier Edwards,2B,504.67999267578125,MIA,Marlins,52,198,224,55,42,9,1,2,24,20,21,1,28,2,2,1,7,2
11281,Whit Merrifield,2B/OF,260.54998779296875,,,121,482,525,124,88,25,1,10,58,51,33,1,90,3,4,3,20,6
11368,Yasmani Grandal,C,672.1900024414062,,,52,175,205,41,28,7,0,6,22,22,25,0,45,2,2,1,1,0
10472,Enrique Hernández,2B/OF,570.0,,,96,371,413,90,58,21,1,10,45,44,32,0,79,4,3,3,3,1
23818,Ji Hwan Bae,2B/OF,476.8399963378906,PIT,Pirates,70,267,301,69,48,15,2,4,34,28,27,0,64,3,2,2,15,6
27555,Garrett Mitchell,OF,373.7699890136719,MIL,Brewers,78,298,336,70,47,13,2,9,35,36,30,0,99,3,2,2,10,3
12532,Kolten Wong,2B,749.3900146484375,,,65,249,280,62,42,13,1,6,32,29,21,0,52,6,2,2,7,2
13675,Tyrone Taylor,OF,518.77001953125,NYM,Mets,81,319,350,76,45,16,2,13,41,44,20,0,83,6,3,2,7,2
21837,Jonathan Aranda,1B/2B,567.47998046875,TBR,Rays,45,170,196,44,29,9,1,6,23,22,21,1,48,3,1,1,1,0
14712,Manuel Margot,OF,612.6099853515625,LAD,Dodgers,63,248,273,67,46,13,1,6,32,31,19,0,47,2,2,2,7,3
13770,Rob Refsnyder,OF,750.739990234375,BOS,Red Sox,65,240,280,62,41,14,1,6,34,28,32,0,65,4,2,2,5,2
15878,Miguel Andujar,3B/OF,665.6500244140625,OAK,Athletics,65,255,280,68,46,13,1,8,30,33,20,2,45,2,2,1,3,1
29976,Jordan Lawlar,SS,309.1000061035156,ARI,Diamondbacks,63,243,273,57,38,11,1,6,30,28,23,0,67,4,2,2,9,3
5452,Ji Man Choi,1B,999.0,,,91,337,392,79,47,16,1,14,47,47,48,1,112,3,3,1,1,0
8623,Donovan Solano,2B,730.8099975585938,,,84,325,364,89,64,19,1,5,40,36,27,1,77,8,3,2,1,0
22650,Jordan Diaz,2B/3B,551.969970703125,OAK,Athletics,47,188,203,49,31,10,0,7,22,24,11,0,40,2,2,1,1,0
19455,Andruw Monasterio,2B/3B,571.0999755859375,MIL,Brewers,76,287,329,70,50,14,1,5,34,31,34,0,75,3,3,2,6,3
27577,Casey Schmitt,3B/SS,660.3900146484375,SFG,Giants,73,290,315,71,47,15,1,7,32,33,17,0,72,3,2,2,3,1
7802,Miguel Rojas,SS,734.22998046875,LAD,Dodgers,58,230,252,59,42,12,1,5,28,26,15,0,33,3,2,2,5,2
19151,Estevan Florial,OF,631.0,CLE,Guardians,62,233,266,53,32,11,1,8,30,29,28,1,86,2,2,2,9,3
9368,Evan Longoria,3B,999.0,,,81,312,350,71,43,14,1,14,40,43,31,1,103,2,3,1,1,0
20505,Drew Waters,OF,404.6099853515625,KCR,Royals,65,248,280,60,37,12,3,7,32,31,25,0,82,3,2,2,9,3
23359,Nelson Velázquez,OF,287.7099914550781,KCR,Royals,102,396,441,94,54,19,1,20,52,58,35,1,128,4,3,2,7,3
18819,Andy Ibáñez,2B,644.5800170898438,DET,Tigers,52,203,224,53,35,12,1,6,25,25,16,0,39,2,2,1,2,1
16572,Connor Joe,1B/OF,606.4199829101562,PIT,Pirates,83,307,357,75,47,17,2,9,43,37,41,0,81,5,3,2,4,2
6184,J.D. Martinez,DH/OF,234.0,,,126,492,546,122,70,27,2,23,67,76,45,1,154,4,4,1,1,0
14387,Harold Ramírez,DH/OF,597.3200073242188,TBR,Rays,55,220,238,62,43,12,1,6,27,29,12,0,44,3,2,1,3,1
10264,Brandon Belt,1B,568.1900024414062,,,99,362,427,81,48,16,1,17,53,52,56,1,135,5,3,2,1,1
sa3017170,Colson Montgomery,SS,999.0,CHW,White Sox,50,187,217,42,29,8,1,5,23,20,23,1,53,4,2,1,1,1
29715,Hunter Goodman,1B/OF,430.0299987792969,COL,Rockies,118,466,511,119,65,26,3,25,63,74,33,1,132,5,4,3,3,1
19339,Nicky Lopez,2B/SS,668.4199829101562,CHW,White Sox,83,317,357,79,61,13,2,2,34,29,30,0,54,4,3,3,10,3
19392,Zach McKinstry,2B/3B/OF,414.32000732421875,DET,Tigers,81,311,350,74,49,15,3,7,37,35,30,0,78,3,3,2,9,4
5038,Josh Donaldson,3B,750.1300048828125,,,60,225,259,50,29,11,0,10,30,32,28,0,68,3,2,1,1,0
13768,Travis Jankowski,OF,743.8099975585938,,,66,246,287,61,46,11,1,3,31,24,34,0,54,3,2,2,11,4
10059,Max Stassi,C,633.4199829101562,CHW,White Sox,65,226,256,46,30,8,1,8,25,26,24,0,76,3,2,1,1,1
18042,Dylan Moore,2B/OF,702.77001953125,SEA,Mariners,62,229,266,47,28,11,1,8,30,27,28,1,81,5,2,2,13,5
9847,Andrew McCutchen,OF,583.1300048828125,PIT,Pirates,113,419,490,103,67,21,1,14,59,57,62,1,108,4,3,1,8,3
14128,Joey Gallo,OF,684.6799926757812,,,94,339,406,65,34,11,1,19,49,49,58,1,153,4,3,2,3,1
10815,Jurickson Profar,OF,747.1599731445312,,,89,334,385,81,54,17,1,9,47,36,42,0,67,4,3,3,3,1
26438,Dominic Canzone,DH/OF,639.77001953125,SEA,Mariners,44,171,189,44,27,9,0,7,22,24,13,0,40,2,1,1,2,1
2136,David Peralta,OF,999.0,,,76,300,329,79,52,18,1,8,36,37,22,1,65,3,2,1,3,1
14130,Daniel Vogelbach,1B/DH,999.0,,,63,229,273,54,33,9,0,11,34,34,39,1,67,2,2,1,1,0
18289,Brian Anderson,3B/OF,999.0,,,68,258,294,59,38,11,1,8,32,32,28,1,82,4,2,1,2,1
21716,Enmanuel Valdez,2B,650.8400268554688,BOS,Red Sox,52,198,224,48,29,11,1,7,27,27,21,1,51,2,2,2,3,1
31166,Heston Kjerstad,DH/OF,567.3499755859375,BAL,Orioles,52,203,224,53,34,11,1,7,26,27,15,1,50,4,2,1,2,1
13602,Patrick Wisdom,3B,550.3499755859375,CHC,Cubs,97,369,420,77,39,14,1,23,51,57,40,0,150,5,3,2,6,2
11737,Nick Castellanos,3B/OF,113.94000244140625,PHI,Phillies,151,601,651,156,96,35,2,24,78,90,39,1,162,5,5,1,7,3
15653,Dominic Smith,1B/OF,731.0,,,71,275,308,71,47,14,1,8,34,35,25,1,58,5,2,1,1,1
17766,DJ Stewart,OF,615.9400024414062,NYM,Mets,68,252,294,56,32,10,0,13,35,36,34,1,83,5,2,1,2,1
22532,Tyler Freeman,3B,725.5800170898438,CLE,Guardians,28,106,119,29,21,6,0,2,13,12,8,0,18,3,1,1,2,1
21635,Nick Maton,2B/3B,999.0,DET,Tigers,63,234,273,52,33,12,1,6,29,27,32,0,68,3,2,1,2,1
18551,Ali Sánchez,C,999.0,PIT,Pirates,53,190,211,46,32,9,0,4,22,21,17,0,48,1,2,1,2,1
12158,Austin Barnes,C,741.260009765625,LAD,Dodgers,37,129,147,29,19,5,0,4,17,16,14,0,32,2,1,1,2,1
24589,Richie Palacios,OF,581.260009765625,TBR,Rays,49,182,210,45,30,11,1,4,23,21,23,0,37,3,1,1,4,1
12859,James McCann,C,651.9000244140625,BAL,Orioles,44,160,175,38,25,7,0,5,18,19,10,0,45,2,1,1,2,1
10243,Randal Grichuk,OF,585.6799926757812,,,112,445,483,109,69,22,2,17,54,59,28,1,109,5,4,2,3,1
22277,Nick Allen,SS,749.6500244140625,OAK,Athletics,39,152,168,37,26,7,1,3,17,15,12,0,29,1,1,1,4,1
19698,Edward Olivares,OF,430.0,PIT,Pirates,63,247,273,65,42,13,2,8,32,33,18,1,50,4,2,1,7,3
sa3016951,Ryan Bliss,2B/SS,999.0,SEA,Mariners,62,242,266,55,36,11,1,6,28,27,18,0,64,3,2,2,11,5
19318,Matt Thaiss,C/3B,676.4199829101562,LAA,Angels,47,161,187,36,23,6,0,6,21,20,22,1,48,2,1,1,1,1
23296,Jacob Amaya,2B/SS,999.0,MIA,Marlins,55,209,238,48,32,10,1,5,25,22,24,0,51,2,2,2,2,1
10655,Rob Brantly,C,999.0,TBR,Rays,34,120,134,28,20,6,0,2,13,12,9,0,26,3,1,1,1,0
15937,Aledmys Díaz,SS,742.4500122070312,OAK,Athletics,65,257,280,62,41,14,1,7,28,29,15,1,53,4,2,1,1,1
14813,Kyle Farmer,SS,498.4800109863281,MIN,Twins,49,191,210,47,32,9,1,5,23,23,12,0,43,5,2,1,2,1
21270,Sean Bouchard,OF,622.5800170898438,COL,Rockies,50,187,217,47,28,11,1,8,28,27,25,0,58,2,2,1,4,2
23985,Osleivis Basabe,SS,999.0,TBR,Rays,28,109,119,29,20,7,1,1,12,12,7,0,21,1,1,1,2,1
26477,Spencer Horwitz,1B/DH,718.969970703125,TOR,Blue Jays,39,143,168,37,25,8,0,4,20,18,21,1,34,2,1,1,1,1
25353,Michael Stefanic,2B,999.0,LAA,Angels,28,103,119,28,21,5,0,1,13,11,13,0,16,2,1,1,2,1
15279,Garrett Cooper,1B,573.6099853515625,,,105,406,455,100,64,20,1,15,53,54,39,0,125,5,3,2,1,0
27467,Tyler Soderstrom,C/DH,496.6099853515625,OAK,Athletics,89,335,365,73,44,14,1,13,37,42,22,1,103,3,3,2,1,1
13355,Luke Maile,C,739.7100219726562,CIN,Reds,60,209,237,48,31,11,0,6,26,24,21,0,63,4,2,2,2,1
2829,Manny Piña,C,999.0,,,26,92,102,21,13,4,0,4,11,12,8,0,22,1,1,1,1,0
13769,Adalberto Mondesi,SS,608.4199829101562,,,63,251,273,58,38,12,1,7,29,29,15,0,79,3,2,2,12,3
19293,Nick Senzel,OF,419.05999755859375,WSN,Nationals,105,409,455,98,67,19,1,11,45,46,36,0,90,5,3,3,9,4
13324,Ildemaro Vargas,2B/3B,750.6500244140625,WSN,Nationals,50,199,217,52,36,11,1,4,22,22,14,0,26,2,2,1,2,1
18015,Paul DeJong,SS,602.739990234375,CHW,White Sox,70,270,301,56,33,11,0,11,31,34,22,0,88,4,2,2,4,2
21501,Trevor Larnach,OF,744.4500122070312,MIN,Twins,45,169,196,38,23,8,1,6,22,22,22,1,63,2,1,1,1,0
18054,Sam Haggerty,OF,748.3900146484375,SEA,Mariners,37,142,161,34,23,7,1,3,18,16,14,0,37,2,1,1,8,2
10950,Adam Duvall,OF,381.45001220703125,,,120,471,518,102,56,20,2,25,60,70,35,1,164,6,4,2,4,2
19901,Gavin Sheets,OF,682.030029296875,CHW,White Sox,86,334,371,82,52,15,0,15,42,46,30,1,77,3,3,2,1,1
13853,Joey Wendle,2B/3B/SS,739.5499877929688,NYM,Mets,66,266,287,65,44,15,2,4,29,27,13,0,59,4,2,2,6,2
6153,Eduardo Escobar,3B,750.8699951171875,,,87,345,378,81,52,14,3,11,40,43,26,1,90,2,3,2,2,1
17022,Edmundo Sosa,3B/SS,738.5800170898438,PHI,Phillies,44,174,189,43,29,8,1,5,21,21,8,0,45,5,1,1,3,1
25493,Joey Ortiz,2B/3B,692.8099975585938,BAL,Orioles,21,83,91,22,15,5,1,2,10,10,6,0,17,1,1,1,1,0
26396,Josh H. Smith,3B/OF,744.22998046875,TEX,Rangers,29,108,126,26,17,5,1,3,15,13,13,0,28,3,1,1,2,1
18887,Seby Zavala,C,750.1300048828125,SEA,Mariners,32,114,128,22,14,5,0,3,12,12,11,0,47,1,1,1,1,0
5254,Robbie Grossman,OF,746.77001953125,,,96,353,413,80,52,17,1,10,47,41,51,0,105,4,3,2,4,2
22896,Lenyn Sosa,2B,739.0999755859375,CHW,White Sox,37,150,161,37,24,7,0,6,17,19,8,0,34,1,1,1,1,0
28080,Jasson Domínguez,OF,434.54998779296875,NYY,Yankees,36,135,154,31,20,6,1,4,18,17,16,1,42,1,1,1,5,2
23986,Curtis Mead,3B,466.54998779296875,TBR,Rays,24,93,105,23,14,6,0,3,12,12,9,0,22,1,1,1,1,0
25807,Jared Triolo,3B,556.0999755859375,PIT,Pirates,37,141,161,35,25,8,1,2,17,15,17,0,41,1,1,1,3,1
12546,C.J. Cron,1B,514.5499877929688,,,110,427,476,101,61,19,1,20,56,64,39,2,125,6,3,1,1,0
19964,Eguy Rosario,3B,742.5800170898438,SDP,Padres,28,106,119,25,16,5,1,3,13,13,10,0,28,1,1,1,3,1
17273,Jorge Mateo,SS,526.969970703125,BAL,Orioles,29,116,126,27,17,6,1,3,14,13,7,0,32,1,1,1,9,3
25660,Will Brennan,OF,583.969970703125,CLE,Guardians,31,122,133,34,24,7,0,2,14,14,8,0,19,1,1,1,3,1
20220,Jo Adell,OF,526.7100219726562,LAA,Angels,94,368,406,82,46,17,2,18,47,53,29,1,132,5,3,2,7,3
12155,Eddie Rosario,OF,466.3900146484375,,,120,474,518,118,76,22,2,18,58,64,35,1,114,3,4,3,6,2
23733,Ezequiel Duran,3B,362.5799865722656,TEX,Rangers,49,193,210,50,31,11,1,7,25,26,12,0,53,2,2,2,5,2
22169,Cal Mitchell,OF,999.0,SDP,Padres,87,340,378,83,54,17,1,11,40,42,28,0,94,4,3,3,4,2
25479,Brenton Doyle,OF,417.1300048828125,COL,Rockies,133,530,574,122,78,22,4,17,63,63,30,0,186,5,4,5,22,7
19508,Kyle Lewis,OF,999.0,,,32,123,140,29,19,5,0,5,17,16,14,0,39,1,1,1,1,0
7859,Charlie Blackmon,OF,418.94000244140625,COL,Rockies,126,486,546,135,92,25,5,13,72,54,42,1,91,9,4,5,5,2
sa3014485,Tyler Gentry,OF,999.0,KCR,Royals,36,134,154,33,22,7,0,4,18,16,16,0,38,2,1,1,2,1
sa3006910,Addison Barger,3B/SS,999.0,TOR,Blue Jays,32,124,140,30,19,7,0,4,16,15,13,1,34,1,1,1,1,1
21707,Oswaldo Cabrera,OF,707.1599731445312,NYY,Yankees,29,114,126,27,17,6,0,4,14,15,10,0,29,1,1,1,3,1
19958,Carter Kieboom,3B,747.47998046875,WSN,Nationals,68,259,294,60,41,11,1,8,31,30,28,0,71,4,2,1,2,1
11265,Jonathan Schoop,2B,999.0,,,55,219,238,54,36,11,1,6,25,26,14,0,51,2,2,1,2,1
27615,Alec Burleson,OF,619.4199829101562,STL,Cardinals,21,83,91,23,15,4,0,3,11,12,6,0,14,1,1,0,1,0
12160,Ben Gamel,OF,999.0,,,44,164,189,39,26,8,1,5,21,20,21,0,48,2,1,1,2,1
sa3019992,Jace Jung,2B,999.0,DET,Tigers,28,105,119,24,15,5,0,3,13,12,11,0,31,1,1,1,1,0
10200,Tucker Barnhart,C,999.0,ARI,Diamondbacks,32,114,128,25,18,5,0,2,12,11,11,0,36,1,1,1,1,0
13265,Mike Zunino,C,999.0,,,39,138,154,26,15,5,0,6,16,18,12,0,55,2,1,1,1,0
20536,Vidal Bruján,2B/OF,613.5800170898438,MIA,Marlins,76,293,329,70,47,14,2,6,37,32,27,0,65,4,2,2,18,7
24262,Ceddanne Rafaela,OF,370.0,BOS,Red Sox,28,110,119,28,17,7,1,3,15,13,5,0,27,1,1,1,4,2
27630,Nick Loftin,1B/2B,600.8699951171875,KCR,Royals,29,114,126,29,20,6,0,3,14,13,9,0,21,1,1,1,2,1
8202,Josh Harrison,2B/3B,999.0,,,57,223,245,56,39,11,1,4,25,24,12,0,44,6,2,2,2,1
16424,Jordan Luplow,OF,999.0,ATL,Braves,29,109,126,24,14,5,0,5,15,15,14,0,31,2,1,1,2,1
27690,Joey Wiemer,OF,476.2900085449219,MIL,Brewers,63,243,273,55,33,12,0,10,31,32,23,0,74,3,2,2,7,2
sa3019858,Graham Pauley,3B,999.0,SDP,Padres,26,101,112,26,16,5,0,4,13,13,8,0,24,1,1,1,2,1
17276,Alex Jackson,C,747.6799926757812,TBR,Rays,19,69,77,15,8,3,0,3,9,9,5,0,24,1,1,0,0,0
sa3016829,Jackson Merrill,SS,999.0,SDP,Padres,31,123,133,31,21,6,1,3,14,14,8,0,21,1,1,1,2,1
20178,Miguel Vargas,2B,439.3500061035156,LAD,Dodgers,16,61,70,15,9,3,0,2,8,8,8,0,14,1,1,0,1,0
13723,Jacob Stallings,C,713.1300048828125,COL,Rockies,55,193,218,47,32,10,0,4,23,22,19,0,48,2,2,2,1,0
21562,Romy Gonzalez,2B,750.1900024414062,CHW,White Sox,76,301,329,68,43,13,2,10,35,36,20,0,104,3,2,2,10,4
19296,Alex Call,OF,999.0,WSN,Nationals,29,107,126,25,16,5,0,3,15,13,15,0,24,2,1,1,3,1
sa3017073,Justyn-Henry Malloy,3B/OF,999.0,DET,Tigers,18,65,77,16,10,3,0,2,9,8,10,0,20,1,1,0,0,0
24934,David Fry,C/1B,749.969970703125,CLE,Guardians,36,133,149,31,19,7,1,4,16,17,12,0,36,3,1,1,1,0
19956,Mickey Moniak,OF,394.0299987792969,LAA,Angels,120,481,518,112,68,22,4,19,57,62,25,2,162,5,4,2,8,3
19608,Otto Lopez,SS,999.0,TOR,Blue Jays,26,101,112,26,19,5,1,1,12,10,8,0,20,1,1,1,2,1
29591,Colton Cowser,OF,505.80999755859375,BAL,Orioles,18,65,77,15,10,3,0,2,9,8,9,0,22,1,1,0,1,0
18821,José Azocar,OF,727.3200073242188,SDP,Padres,79,316,343,76,54,15,2,6,36,33,18,0,83,3,3,3,17,6
29931,Jacob Young,OF,662.9000244140625,WSN,Nationals,39,152,168,39,28,8,1,2,18,15,12,0,30,2,1,1,7,2
30162,Oscar Colás,OF,516.6500244140625,CHW,White Sox,94,373,406,93,63,17,1,13,42,46,25,2,102,4,3,2,4,2
16357,Pablo Reyes,OF,746.4500122070312,BOS,Red Sox,19,75,84,19,13,4,0,2,10,9,7,0,15,1,1,1,2,1
27845,Matt Mervis,1B,499.260009765625,CHC,Cubs,29,111,126,27,16,6,0,5,15,16,12,1,32,2,1,1,0,0
22871,Tucupita Marcano,2B/SS/OF,999.0,SDP,Padres,16,63,70,16,11,3,0,1,7,7,6,0,13,1,1,0,2,1
20017,Miles Mastrobuoni,3B,999.0,CHC,Cubs,15,55,63,14,10,3,0,1,7,6,7,0,14,0,0,0,2,1
19779,Dairon Blanco,OF,658.6500244140625,KCR,Royals,16,63,70,16,11,3,1,1,8,7,5,0,17,1,1,0,6,2
16337,Nick Gordon,OF,685.6799926757812,MIN,Twins,34,136,147,34,22,8,1,3,16,16,7,0,32,2,1,1,3,1
22274,Samad Taylor,2B/OF,749.9400024414062,KCR,Royals,15,55,63,14,9,3,0,1,7,6,7,0,15,1,0,0,3,1
21746,José Fermín,2B/3B,999.0,STL,Cardinals,15,55,63,14,9,3,0,1,7,7,6,0,9,1,0,0,1,0
14477,Jake Cave,OF,999.0,PHI,Phillies,34,131,147,31,19,7,1,4,17,17,12,0,40,2,1,1,1,1
11902,Hanser Alberto,2B/3B,999.0,,,39,158,168,42,29,9,1,3,17,18,6,0,25,2,1,1,2,1
19262,Garrett Hampson,2B/OF,661.6500244140625,KCR,Royals,50,195,217,47,33,9,1,3,22,20,17,0,53,2,2,1,6,2
10441,Jon Singleton,1B,750.8099975585938,HOU,Astros,45,166,196,35,21,7,1,7,23,23,27,0,56,1,1,1,1,0
2900,Roberto Pérez,C,999.0,BOS,Red Sox,16,56,64,11,7,2,0,2,7,7,6,0,21,1,0,0,1,0
16451,Luis Guillorme,2B/3B,745.5800170898438,ATL,Braves,18,67,77,17,13,3,0,1,9,7,8,0,13,1,1,1,0,0
19890,Emmanuel Rivera,3B,999.0,ARI,Diamondbacks,62,240,266,60,39,12,1,7,30,31,20,0,58,2,2,1,2,1
19198,Yuli Gurriel,1B,999.0,,,65,255,280,67,46,14,1,6,31,30,20,1,40,2,2,1,3,1
19806,Jason Delay,C,744.0999755859375,PIT,Pirates,15,52,58,12,8,3,0,1,6,5,4,0,15,1,0,0,1,0
20538,Jose Miranda,1B/3B,643.52001953125,MIN,Twins,16,64,70,17,11,3,0,2,8,9,5,0,13,1,1,0,0,0
16375,Óscar Mercado,OF,999.0,SDP,Padres,40,158,175,37,24,8,1,4,19,18,12,0,39,2,1,1,7,2
19948,Cristian Pache,OF,750.0999755859375,PHI,Phillies,63,245,273,56,36,12,1,7,30,29,21,0,73,2,2,2,6,2
sa3017326,Damiano Palmegiani,3B,999.0,TOR,Blue Jays,19,74,84,16,9,4,0,3,9,9,8,0,24,1,1,1,1,0
25569,Jake Alu,2B/OF,698.1300048828125,WSN,Nationals,55,216,238,56,38,12,1,4,24,24,16,0,47,2,2,2,4,2
20287,Ben Rortvedt,C,999.0,NYY,Yankees,8,28,32,6,4,1,0,1,4,4,3,0,9,0,0,0,0,0
12371,Tommy La Stella,2B/3B,999.0,,,31,119,133,29,20,6,0,3,14,13,11,0,22,1,1,1,1,0
17954,Sam Hilliard,OF,750.4199829101562,BAL,Orioles,23,86,98,19,11,4,0,4,11,11,10,0,32,1,1,1,2,1
sa3010692,Orelvis Martinez,3B/SS,999.0,TOR,Blue Jays,42,162,182,35,20,7,0,7,21,22,15,0,48,2,1,1,1,0
25817,Braden Shewmake,SS,745.1300048828125,CHW,White Sox,34,135,147,30,20,6,0,4,15,15,9,0,32,1,1,1,3,1
12147,Nick Ahmed,SS,999.0,,,65,256,280,59,39,13,1,5,28,28,18,0,66,2,2,2,5,2
20078,Evan White,1B,999.0,LAA,Angels,21,82,91,19,11,3,0,4,11,12,7,0,25,1,1,1,1,0
19273,Stone Garrett,OF,483.45001220703125,WSN,Nationals,94,370,406,88,51,19,1,16,46,52,28,1,117,4,3,1,6,2
27735,Brett Wisely,2B/OF,999.0,SFG,Giants,34,130,147,29,19,7,0,3,15,14,13,0,39,1,1,1,3,1
sa3022615,Matt Shaw,2B/SS,999.0,CHC,Cubs,8,32,35,9,6,2,0,1,4,4,2,0,7,0,0,0,1,0
22209,Sam Huff,C,610.9000244140625,TEX,Rangers,13,48,53,11,7,2,0,2,6,7,4,0,17,0,0,0,0,0
21987,Rodolfo Castro,2B/SS,999.0,PHI,Phillies,15,56,63,13,8,2,0,2,7,8,5,0,18,1,0,0,1,0
sa3006872,George Valera,OF,999.0,CLE,Guardians,13,48,56,10,7,2,0,2,6,6,6,0,16,1,0,0,0,0
17992,David Fletcher,2B,748.77001953125,ATL,Braves,24,97,105,26,20,5,1,1,12,10,6,0,11,1,1,1,1,0
24782,David Villar,2B/3B,999.0,SFG,Giants,11,43,49,9,5,2,0,2,5,6,5,0,15,1,0,0,0,0
sa3014454,Austin Martin,SS/OF,999.0,MIN,Twins,16,60,70,14,10,3,0,1,7,6,7,0,14,2,1,0,2,1
26467,Luis Matos,OF,496.5199890136719,SFG,Giants,10,38,42,10,7,2,0,1,5,5,3,0,6,0,0,0,1,0
20321,Stuart Fairchild,OF,999.0,CIN,Reds,47,178,203,40,25,8,1,6,23,23,18,0,58,4,2,1,5,2
19960,Taylor Trammell,OF,999.0,SEA,Mariners,26,98,112,20,12,4,0,4,12,12,12,0,36,1,1,1,3,1
14111,Eric Haase,C,670.4199829101562,MIL,Brewers,40,147,162,32,20,6,0,6,17,19,11,0,49,1,1,1,1,1
12510,Curt Casali,C,999.0,,,32,111,128,23,16,4,0,3,13,12,13,0,36,2,1,1,1,0
22842,Alexander Canario,DH/OF,728.4500122070312,CHC,Cubs,31,120,133,28,16,6,1,5,15,16,10,0,39,1,1,1,2,1
23264,Canaan Smith-Njigba,OF,999.0,PIT,Pirates,28,104,119,25,16,6,0,3,13,12,13,0,33,1,1,1,3,1
sa3014528,Dillon Dingler,C,999.0,DET,Tigers,13,46,51,10,6,2,0,1,5,5,4,0,16,1,0,0,0,0
9256,AJ Pollock,OF,999.0,,,49,192,210,48,30,10,1,7,24,25,13,0,44,2,2,1,2,1
24655,Owen Miller,1B/2B,606.3900146484375,MIL,Brewers,76,300,329,75,51,17,1,7,34,34,21,1,68,4,2,1,6,2
18400,Juan Yepez,DH/OF,651.8699951171875,WSN,Nationals,24,95,105,23,14,5,0,4,12,13,8,0,24,1,1,0,0,0
19921,Blake Perkins,OF,999.0,MIL,Brewers,19,73,84,16,10,3,0,2,9,8,9,0,23,1,1,1,2,1
sa3017293,Brett Harris,3B,999.0,OAK,Athletics,13,50,56,11,8,2,0,1,6,5,4,0,12,1,0,0,1,0
12981,Cam Gallagher,C,999.0,,,21,76,83,16,11,4,0,1,8,7,5,0,22,1,1,1,1,0
25643,Drew Millas,C,999.0,WSN,Nationals,11,39,45,9,6,2,0,1,4,4,4,0,9,0,0,0,0,0
sa3019973,Brooks Lee,SS,999.0,MIN,Twins,8,32,35,8,5,2,0,1,4,4,3,0,7,0,0,0,0,0
12325,Jace Peterson,2B/3B,744.739990234375,ARI,Diamondbacks,28,104,119,24,17,4,1,2,13,11,13,0,29,1,1,1,3,1
27490,Nick Gonzales,2B,999.0,PIT,Pirates,49,185,210,44,27,11,2,4,22,21,18,0,58,3,2,1,2,1
15194,Jake Bauers,1B/OF,525.030029296875,MIL,Brewers,84,316,364,68,39,14,1,14,42,43,41,0,113,3,3,1,6,3
19514,Andrew Knizner,C,664.969970703125,TEX,Rangers,36,126,141,29,19,6,0,4,16,16,11,0,34,2,1,1,1,0
13897,Tyler Heineman,C,999.0,NYM,Mets,6,23,26,5,4,1,0,0,3,2,2,0,5,0,0,0,0,0
sa3019838,Victor Scott II,OF,999.0,STL,Cardinals,11,45,49,11,8,2,0,1,5,5,3,0,9,1,0,0,3,1
19896,Connor Wong,C,324.8999938964844,BOS,Red Sox,81,291,320,69,42,16,1,9,36,36,20,0,94,4,2,3,6,2
18123,Nathan Lukes,OF,999.0,TOR,Blue Jays,13,50,56,13,9,3,0,1,6,6,4,0,11,1,0,0,1,0
19864,Riley Adams,C,731.0999755859375,WSN,Nationals,53,192,217,43,25,10,1,7,23,24,19,0,65,4,2,1,1,0
20543,Elehuris Montero,1B/3B,394.2300109863281,COL,Rockies,76,299,329,75,45,15,1,14,39,44,22,0,91,5,2,2,1,1
23698,Ronny Mauricio,2B,749.5800170898438,NYM,Mets,6,26,28,7,4,1,0,1,3,3,2,0,6,0,0,0,1,0
sa3014479,Coby Mayo,3B,999.0,BAL,Orioles,5,18,21,4,3,1,0,1,2,2,2,0,6,0,0,0,0,0
sa3017372,Paul McIntosh,C,999.0,MIA,Marlins,8,28,32,6,4,1,0,1,3,3,3,0,9,0,0,0,0,0
24703,Jonah Bride,2B/3B,999.0,OAK,Athletics,6,24,28,5,4,1,0,1,3,3,3,0,6,0,0,0,0,0
22515,Heliot Ramos,OF,738.9400024414062,SFG,Giants,26,101,112,24,15,5,1,3,12,12,8,0,31,1,1,1,2,1
26149,Dominic Fletcher,OF,746.030029296875,ARI,Diamondbacks,45,177,196,44,29,9,2,4,21,20,14,0,48,2,1,1,2,1
21646,Rafael Marchán,C,999.0,PHI,Phillies,8,28,32,7,5,1,0,0,3,3,3,0,5,1,0,0,0,0
19892,Pavin Smith,OF,999.0,ARI,Diamondbacks,13,49,56,12,8,2,0,2,7,6,6,0,12,0,0,0,0,0
25040,Vinny Capra,2B/3B,999.0,MIL,Brewers,10,37,42,9,6,2,0,1,4,4,4,0,9,0,0,0,0,0
26420,Kyren Paris,SS,999.0,LAA,Angels,10,36,42,8,5,2,0,1,5,4,5,0,14,1,0,0,1,0
12434,Kevin Pillar,OF,999.0,,,53,213,231,50,32,10,1,8,25,27,12,0,53,3,2,1,3,1
14350,Raimel Tapia,OF,999.0,,,55,217,238,55,40,10,1,4,25,23,17,0,48,1,2,1,8,3
sa3014522,Drew Romo,C,999.0,COL,Rockies,13,47,51,12,8,2,0,1,5,5,3,0,10,0,0,0,1,0
sa3017019,Connor Norby,2B,999.0,BAL,Orioles,5,19,21,5,3,1,0,1,2,2,2,0,5,0,0,0,0,0
sa3010339,Pedro Pagés,C,999.0,STL,Cardinals,8,29,32,6,4,1,0,1,3,3,3,0,8,0,0,0,0,0
15585,Mike Ford,1B/DH,999.0,,,62,230,266,51,30,9,1,11,31,32,29,0,71,3,2,2,1,0
19906,Diego Castillo,2B/SS,999.0,NYY,Yankees,10,37,42,8,6,2,0,1,4,4,4,0,9,0,0,0,1,0
27604,Alika Williams,SS,999.0,PIT,Pirates,11,44,49,10,7,2,0,1,5,5,4,0,11,1,0,0,0,0
13836,Matt Duffy,3B,999.0,,,44,171,189,44,33,8,0,3,19,18,13,0,38,3,1,1,1,1
sa3006891,Leo Jimenez,2B/SS,999.0,TOR,Blue Jays,8,31,35,7,5,1,0,1,4,3,3,0,7,1,0,0,0,0
15271,Austin Wynns,C,999.0,CIN,Reds,8,28,32,7,5,1,0,1,3,3,3,0,8,0,0,0,0,0
sa3014503,Thomas Saggese,2B/3B,999.0,STL,Cardinals,5,19,21,5,3,1,0,1,2,2,1,0,5,0,0,0,0,0
sa3017694,Brady House,3B/SS,999.0,WSN,Nationals,11,45,49,11,7,2,0,1,5,5,2,0,13,1,0,0,0,0
25505,Cade Marlowe,OF,735.6099853515625,SEA,Mariners,39,151,168,32,21,6,1,4,17,17,13,0,54,2,1,1,6,2
20352,Ernie Clement,2B/3B,749.1300048828125,TOR,Blue Jays,5,19,21,5,4,1,0,0,2,2,1,0,2,0,0,0,0,0
12005,Nick Martini,OF,749.1300048828125,CIN,Reds,16,61,70,15,10,3,0,2,8,8,7,0,18,1,1,0,0,0
sa3010595,Oliver Dunn,2B,999.0,MIL,Brewers,11,42,49,9,5,2,0,1,5,5,5,0,16,0,0,0,1,0
15149,Trey Mancini,1B/DH/OF,999.0,,,60,231,259,55,35,12,0,8,29,29,22,1,66,3,2,1,1,0
sa3009869,Austin Shenton,1B/3B,999.0,TBR,Rays,3,12,14,3,2,1,0,0,2,2,2,0,4,0,0,0,0,0
24388,José Rodríguez,2B,999.0,CHW,White Sox,18,72,77,17,12,3,0,2,8,8,3,0,15,0,1,0,3,1
16403,Francisco Mejía,C,745.9400024414062,,,23,83,90,20,13,5,0,3,10,10,4,0,20,1,1,1,0,0
23691,José Tena,SS,999.0,CLE,Guardians,13,51,56,12,8,3,0,1,5,5,3,0,16,1,0,0,1,0
4314,Joey Votto,1B,666.2899780273438,,,109,403,469,88,53,18,1,16,53,54,54,0,131,8,3,1,1,0
15941,Austin Nola,C,999.0,,,13,45,51,11,8,2,0,1,5,5,5,0,10,1,0,0,0,0
sa3010899,Troy Johnston,1B,999.0,MIA,Marlins,39,149,168,36,24,8,1,5,19,18,14,1,37,2,1,1,2,1
17838,Willie Calhoun,DH/OF,999.0,LAA,Angels,6,25,28,6,4,1,0,1,3,3,2,0,4,0,0,0,0,0
20002,Bryce Johnson,OF,999.0,SDP,Padres,26,100,112,22,16,4,1,2,11,10,9,0,33,1,1,1,4,1
20311,Corey Julks,OF,720.8400268554688,HOU,Astros,16,63,70,15,10,3,0,2,8,8,6,0,17,1,1,0,2,1
19562,Zack Short,2B/SS,750.5499877929688,NYM,Mets,10,36,42,7,4,1,0,1,4,4,5,0,13,0,0,0,1,0
25867,Ryan Kreidler,3B/SS,999.0,DET,Tigers,8,31,35,7,4,1,0,1,4,3,3,0,10,0,0,0,1,0
18872,Jahmai Jones,2B,999.0,MIL,Brewers,26,96,112,21,14,5,0,2,12,10,13,0,31,1,1,1,2,1
10323,Rafael Ortega,OF,999.0,CHW,White Sox,6,24,28,6,4,1,0,1,3,3,3,0,6,0,0,0,1,0
sa917333,Jair Camargo,C,999.0,MIN,Twins,5,18,19,4,2,1,0,1,2,2,1,0,6,0,0,0,0,0
sa3009845,Kenedy Corona,OF,999.0,HOU,Astros,10,38,42,8,5,2,0,1,5,5,3,0,12,0,0,0,1,0
17161,Chad Wallach,C,999.0,,,19,68,77,14,9,3,0,2,8,8,7,0,24,1,1,1,0,0
19717,Darick Hall,1B/DH,750.0599975585938,PHI,Phillies,6,25,28,6,3,1,0,1,3,4,2,0,7,0,0,0,0,0
18365,Lewin Díaz,1B,999.0,WSN,Nationals,8,31,35,7,4,2,0,1,4,4,3,0,8,0,0,0,0,0
25822,Andre Lipcius,3B,999.0,DET,Tigers,5,18,21,4,3,1,0,0,2,2,2,0,4,0,0,0,0,0
sa3004147,Johnathan Rodriguez,OF,999.0,CLE,Guardians,8,32,35,7,5,2,0,1,4,4,3,0,11,0,0,0,0,0
sa3016870,James Wood,OF,999.0,WSN,Nationals,13,50,56,11,7,3,0,2,6,6,5,0,18,1,0,0,1,0
sa3014820,Jacob Hurtubise,OF,999.0,CIN,Reds,3,12,14,3,2,0,0,0,2,1,2,0,3,0,0,0,1,0
19928,Ryan McKenna,OF,999.0,BAL,Orioles,11,44,49,10,6,2,0,1,5,5,4,0,16,1,0,0,1,0
sa3008183,Jimmy Herron,OF,999.0,COL,Rockies,11,44,49,11,7,2,0,1,6,5,4,0,11,1,0,0,2,1
3516,Eric Hosmer,1B,999.0,,,53,208,231,54,38,10,0,6,25,27,18,1,44,2,2,1,1,1
26151,Kyle Stowers,OF,749.030029296875,BAL,Orioles,3,12,14,3,2,1,0,1,2,2,1,0,4,0,0,0,0,0
21497,Luken Baker,1B/DH,700.030029296875,STL,Cardinals,5,19,21,4,3,1,0,1,3,3,2,0,6,0,0,0,0,0
sa3004048,Tirso Ornelas,OF,999.0,SDP,Padres,34,132,147,31,21,7,0,3,15,14,12,0,33,1,1,1,2,1
22054,Dane Myers,OF,999.0,MIA,Marlins,6,25,28,7,4,1,0,1,3,3,2,0,7,0,0,0,1,0
sa3010279,Dustin Harris,1B/OF,999.0,TEX,Rangers,8,31,35,7,5,1,0,1,4,4,3,0,9,0,0,0,1,0
17696,Kevin Newman,SS,749.4199829101562,,,3,13,14,3,3,1,0,0,2,1,1,0,2,0,0,0,0,0
16496,Forrest Wall,DH/OF,745.8099975585938,ATL,Braves,31,118,133,28,20,5,1,2,16,12,11,0,36,1,1,1,9,3
27531,David Hamilton,SS,999.0,BOS,Red Sox,3,12,14,3,2,1,0,0,2,1,1,0,3,0,0,0,1,0
19422,Brian Serven,C,999.0,TOR,Blue Jays,3,12,13,2,1,0,0,0,1,1,1,0,4,0,0,0,0,0
25805,Blake Sabol,C/OF,492.6099853515625,SFG,Giants,29,111,124,26,17,5,0,4,13,14,10,0,39,1,1,1,1,1
sa3020211,Roman Anthony,OF,999.0,BOS,Red Sox,8,30,35,7,4,2,0,1,4,3,4,0,10,0,0,0,0,0
sa3014527,Justin Foscue,2B,999.0,TEX,Rangers,23,86,98,20,12,5,0,2,11,10,9,0,19,1,1,1,2,1
21587,César Salazar,C,999.0,HOU,Astros,5,17,19,3,2,1,0,0,2,2,1,0,5,0,0,0,0,0
12180,Jorge Alfaro,C,999.0,CHC,Cubs,6,24,26,6,4,1,0,1,2,3,1,0,8,0,0,0,0,0
22471,Livan Soto,SS,999.0,LAA,Angels,18,68,77,15,11,3,0,1,7,6,7,0,20,1,1,1,1,0
sa3019978,Nathan Martorella,1B,999.0,SDP,Padres,13,49,56,11,7,2,0,2,6,6,5,0,13,1,0,0,0,0
13329,Jake Lamb,3B,999.0,,,18,67,77,15,10,3,0,2,8,8,8,0,22,1,1,0,0,0
sa3003185,Yunior Severino,2B/3B,999.0,MIN,Twins,2,6,7,1,1,0,0,0,1,1,1,0,2,0,0,0,0,0
23695,Everson Pereira,OF,693.77001953125,NYY,Yankees,3,13,14,3,2,1,0,0,2,2,1,0,4,0,0,0,0,0
12977,Michael Perez,C,999.0,BAL,Orioles,3,11,13,2,1,0,0,0,1,1,1,0,3,0,0,0,0,0
20404,Jared Young,1B,999.0,STL,Cardinals,5,19,21,4,3,1,0,1,2,2,2,0,5,0,0,0,0,0
25482,TJ Hopkins,DH/OF,999.0,SFG,Giants,8,31,35,7,5,1,0,1,4,4,3,0,10,0,0,0,0,0
sa1159677,Kyle McCann,C/1B,999.0,OAK,Athletics,8,29,32,5,3,1,0,1,3,3,2,0,12,0,0,0,0,0
16953,Chadwick Tromp,C,999.0,ATL,Braves,3,12,13,2,2,0,0,0,1,1,1,0,3,0,0,0,0,0
15654,Billy McKinney,OF,999.0,PIT,Pirates,11,43,49,10,6,2,0,1,5,5,5,0,13,0,0,0,0,0
21524,Joey Bart,C,748.47998046875,SFG,Giants,3,11,13,2,2,0,0,0,1,1,1,0,4,0,0,0,0,0
17893,Tyler Nevin,3B,999.0,BAL,Orioles,2,6,7,1,1,0,0,0,1,1,1,0,2,0,0,0,0,0
sa3007872,Hunter Feduccia,C,999.0,LAD,Dodgers,2,6,6,1,1,0,0,0,1,1,1,0,2,0,0,0,0,0
25111,David Hensley,2B/DH,999.0,HOU,Astros,3,12,14,3,2,1,0,0,1,1,2,0,4,0,0,0,0,0
26208,Tyler Fitzgerald,3B/OF,749.8099975585938,SFG,Giants,6,26,28,6,4,1,0,1,3,3,2,0,9,0,0,0,1,0
10231,José Iglesias,SS,999.0,NYM,Mets,3,13,14,3,2,1,0,0,1,1,1,0,2,0,0,0,0,0
sa3005524,Jorge Barrosa,OF,999.0,ARI,Diamondbacks,10,37,42,8,6,2,0,1,4,4,4,0,9,0,0,0,1,0
14691,Harold Castro,2B,999.0,,,44,177,189,46,35,9,0,2,18,18,8,0,42,1,1,1,1,0
19683,Mike Brosseau,3B,999.0,KCR,Royals,10,38,42,9,6,2,0,1,5,4,3,0,11,1,0,0,0,0
9952,Trayce Thompson,OF,999.0,NYM,Mets,3,12,14,2,1,0,0,1,2,2,2,0,5,0,0,0,0,0
20233,Gilberto Celestino,OF,999.0,PIT,Pirates,2,6,7,1,1,0,0,0,1,1,1,0,1,0,0,0,0,0
18217,Brett Sullivan,C,999.0,SDP,Padres,11,40,45,9,6,2,0,1,5,4,3,0,8,0,0,0,1,0
21560,Alfonso Rivas,1B,999.0,LAA,Angels,3,12,14,3,2,1,0,0,2,1,1,0,4,0,0,0,0,0
15104,Jonathan Davis,OF,999.0,,,10,37,42,8,6,2,0,1,4,4,4,0,11,1,0,0,1,0
19966,Bobby Dalbec,1B,738.4500122070312,BOS,Red Sox,63,242,273,53,31,9,1,12,32,35,23,0,98,4,2,2,3,1
sa3006936,Daniel Schneemann,3B/SS,999.0,CLE,Guardians,2,6,7,1,1,0,0,0,1,1,1,0,2,0,0,0,0,0
19553,Símon Muzziotti,OF,999.0,PHI,Phillies,2,6,7,2,1,0,0,0,1,1,1,0,1,0,0,0,0,0
20572,Kody Clemens,1B,999.0,PHI,Phillies,3,13,14,3,2,1,0,1,2,2,1,0,4,0,0,0,0,0
22117,Nick Pratto,1B,666.5499877929688,KCR,Royals,68,254,294,54,32,12,1,9,33,31,32,1,99,4,2,2,2,1
19358,Weston Wilson,OF,999.0,PHI,Phillies,3,12,14,3,2,0,0,0,2,2,1,0,4,0,0,0,0,0
sa3005938,Yoyner Fajardo,2B/OF,999.0,MIN,Twins,2,6,7,2,1,0,0,0,1,1,1,0,1,0,0,0,0,0
20056,Alan Trejo,2B/SS,743.8099975585938,,,13,52,56,13,8,3,0,2,6,6,3,0,13,1,0,0,1,0
sa3007742,Blaze Alexander,SS,999.0,ARI,Diamondbacks,2,6,7,1,1,0,0,0,1,1,1,0,2,0,0,0,0,0
23794,Jordan Groshans,3B,999.0,MIA,Marlins,3,12,14,3,2,1,0,0,1,1,1,0,3,0,0,0,0,0
sa875163,Moisés Gómez,OF,999.0,STL,Cardinals,10,38,42,8,5,2,0,2,5,5,3,0,14,0,0,0,0,0
22906,Israel Pineda,C,999.0,WSN,Nationals,3,12,13,2,2,0,0,0,1,1,1,0,3,0,0,0,0,0
18353,Daz Cameron,OF,999.0,OAK,Athletics,3,13,14,3,2,1,0,0,1,1,1,0,4,0,0,0,0,0
22557,Michael Siani,OF,999.0,STL,Cardinals,3,12,14,3,2,0,0,0,1,1,1,0,3,0,0,0,0,0
9929,Darin Ruf,1B/OF,999.0,,,24,91,105,20,13,4,0,3,12,12,12,0,30,1,1,0,1,0
sa3007511,Max Schuemann,SS/OF,999.0,OAK,Athletics,6,24,28,5,3,1,0,0,3,2,3,0,8,1,0,0,1,0
19788,Zach Remillard,2B,999.0,,,5,19,21,4,3,1,0,0,2,2,2,0,5,0,0,0,0,0
17321,Michael Chavis,1B/2B,999.0,WSN,Nationals,28,110,119,25,16,5,0,4,13,14,6,0,36,1,1,0,1,0
11339,Jake Marisnick,OF,999.0,LAA,Angels,6,25,28,6,4,1,0,1,3,3,2,0,8,1,0,0,1,0
sa1169818,Cody Milligan,2B/OF,999.0,ATL,Braves,2,6,7,1,1,0,0,0,1,1,1,0,2,0,0,0,0,0
sa3014838,Pedro León,OF,999.0,HOU,Astros,5,19,21,4,2,1,0,1,2,2,2,0,7,0,0,0,1,0
sa918676,Logan Davidson,SS,999.0,OAK,Athletics,2,6,7,1,1,0,0,0,1,1,1,0,2,0,0,0,0,0
15117,Hunter Dozier,3B/OF,749.8699951171875,,,8,31,35,7,4,1,0,1,4,4,3,0,10,0,0,0,0,0
19458,Cooper Hummel,C/DH/OF,999.0,SFG,Giants,6,24,28,5,3,1,0,1,3,2,3,0,8,0,0,0,1,0
12950,Phillip Evans,3B/OF,999.0,ATL,Braves,2,6,7,1,1,0,0,0,1,1,1,0,1,0,0,0,0,0
sa3008181,Hunter Stovall,2B/3B,999.0,COL,Rockies,3,13,14,3,2,1,0,0,1,1,1,0,3,0,0,0,0,0
sa3014547,Zach DeLoach,OF,999.0,SEA,Mariners,3,12,14,3,2,1,0,0,1,1,1,0,5,0,0,0,0,0
sa3017045,Wes Clarke,C/1B,999.0,MIL,Brewers,13,48,56,10,6,2,0,2,6,6,7,0,19,1,0,0,0,0
sa3007876,Brennen Davis,OF,999.0,CHC,Cubs,5,19,21,4,3,1,0,0,2,2,2,0,6,0,0,0,0,0
5273,Sandy León,C,999.0,,,5,17,19,3,2,1,0,0,2,2,2,0,5,0,0,0,0,0
sa1169792,Ryan Ward,OF,999.0,LAD,Dodgers,2,6,7,1,1,0,0,0,1,1,0,0,2,0,0,0,0,0
sa969091,Lazaro Armenteros,OF,999.0,OAK,Athletics,8,31,35,6,4,1,0,1,3,3,3,0,14,0,0,0,1,0
18067,Garrett Stubbs,C,999.0,PHI,Phillies,28,95,109,21,14,4,1,2,12,10,11,0,26,1,1,1,2,1
sa1169587,Rece Hinds,OF,750.2899780273438,CIN,Reds,11,45,49,10,6,2,0,2,6,6,3,0,17,0,0,0,1,0
14811,Luke Voit,1B/DH,999.0,,,41,153,175,35,21,6,0,7,20,21,17,0,56,3,1,0,1,0
23378,Jose Barrero,SS,750.260009765625,CIN,Reds,13,51,56,11,7,2,0,2,6,6,4,0,19,1,0,0,1,0
sa3009957,Aaron Schunk,3B,999.0,COL,Rockies,5,19,21,5,3,1,0,0,2,2,1,0,5,0,0,0,0,0
25813,Grae Kessinger,3B/SS,999.0,HOU,Astros,16,62,70,13,9,2,0,1,7,6,6,0,19,1,1,0,1,0
8090,Matt Carpenter,3B,999.0,STL,Cardinals,41,148,175,32,19,7,0,5,20,19,22,0,49,2,1,1,1,0
17040,Jose Herrera,C,999.0,ARI,Diamondbacks,11,39,45,9,6,2,0,1,4,4,4,0,11,0,0,0,0,0
sa3017337,Niko Kavadas,1B,999.0,BOS,Red Sox,5,18,21,3,2,1,0,1,2,2,3,0,8,0,0,0,0,0
sa3010700,Victor Mesa Jr.,OF,999.0,MIA,Marlins,3,13,14,3,2,1,0,0,1,1,1,0,3,0,0,0,0,0
sa3010695,Nasim Nuñez,SS,999.0,WSN,Nationals,37,140,161,30,23,5,0,1,15,12,18,0,36,1,1,1,7,2
8418,Ehire Adrianza,3B/SS,999.0,,,37,143,161,33,23,7,1,2,16,14,14,0,34,2,1,1,2,1
24451,J.P. Martínez,OF,999.0,TEX,Rangers,34,129,147,28,18,6,1,3,16,14,15,0,47,2,1,1,7,2
19931,Luke Williams,3B/OF,999.0,ATL,Braves,5,19,21,4,3,1,0,0,2,2,2,0,6,0,0,0,1,0
13744,David Dahl,OF,999.0,,,32,128,140,31,20,7,0,3,15,15,9,0,33,1,1,1,1,0
21078,Trey Cabbage,1B/OF,749.2899780273438,LAA,Angels,15,57,63,12,7,2,0,3,7,8,4,0,23,1,0,0,2,1
24597,Jonathan Ornelas,3B/SS,999.0,TEX,Rangers,11,44,49,10,7,2,0,1,5,4,4,0,13,0,0,0,1,0
5913,Leury García,OF,999.0,ATL,Braves,11,45,49,11,8,2,0,1,5,5,3,0,11,0,0,0,1,0
11200,Kole Calhoun,OF,747.5499877929688,,,65,253,280,58,36,11,1,9,30,33,21,0,72,3,2,1,1,1
10047,Wil Myers,1B/OF,749.1300048828125,,,49,189,210,43,28,9,0,6,22,23,17,0,63,1,2,1,2,1
23788,Jordyn Adams,OF,999.0,LAA,Angels,6,26,28,5,4,1,0,1,3,3,2,0,9,0,0,0,1,0
25543,Korey Lee,C,647.9000244140625,CHW,White Sox,29,106,115,22,14,5,0,3,11,11,7,0,33,1,1,1,2,1
12775,Brad Miller,SS,999.0,,,44,166,189,36,23,6,1,6,21,21,19,0,54,1,1,1,2,1
sa3004068,Chris Roller,OF,999.0,MIL,Brewers,8,30,35,6,4,1,0,1,4,3,4,0,11,1,0,0,1,0
10762,Corey Dickerson,OF,999.0,,,50,200,217,51,34,11,1,5,23,24,12,0,43,2,2,1,2,1
15124,Tim Locastro,OF,999.0,NYM,Mets,16,63,70,14,9,3,0,1,7,7,4,0,18,2,1,0,3,1
25459,Peyton Burdick,OF,999.0,MIA,Marlins,23,85,98,17,10,4,0,3,11,10,10,0,35,2,1,1,1,1
12984,Jackie Bradley Jr.,OF,999.0,,,36,140,154,30,20,7,0,3,15,15,10,0,40,2,1,1,2,1
14225,Yasiel Puig,OF,735.3200073242188,,,37,145,161,34,22,7,0,5,18,17,12,0,41,2,1,1,2,1
sa3022499,Brock Wilken,3B,999.0,MIL,Brewers,13,50,56,10,7,2,0,1,5,5,5,0,17,1,0,0,1,0
sa3005598,Julio Carreras,3B/SS,999.0,COL,Rockies,40,160,175,39,26,9,1,3,18,17,11,0,41,2,1,1,3,1
14735,Brett Phillips,OF,999.0,,,16,61,70,11,7,2,0,2,7,6,7,0,28,1,1,0,2,1
20157,Matthew Batten,2B/3B,741.6500244140625,SDP,Padres,58,222,252,48,34,9,1,4,23,22,25,0,70,2,2,1,7,3
sa3015168,Deyvison De Los Santos,3B,999.0,CLE,Guardians,44,176,189,41,27,8,1,6,20,21,9,0,52,2,1,1,1,0
13359,Tyler Naquin,OF,999.0,,,36,141,154,33,21,7,1,4,17,17,10,0,44,2,1,1,1,1
sa3022882,Dylan Crews,OF,999.0,WSN,Nationals,62,241,266,56,37,12,1,7,27,27,17,0,70,3,2,2,5,2
5760,Avisaíl García,OF,692.8699951171875,MIA,Marlins,110,432,476,103,69,17,2,15,49,54,32,1,134,7,4,2,6,2
18607,Jared Walsh,1B,749.8400268554688,LAA,Angels,50,195,217,42,26,9,1,7,23,25,17,1,71,2,2,1,1,0
25845,Michael Toglia,1B/OF,749.6500244140625,COL,Rockies,36,137,154,31,18,6,1,6,17,18,14,0,44,1,1,1,1,1
4892,Mike Moustakas,3B,721.47998046875,,,65,253,280,58,36,12,0,9,30,32,20,1,72,3,2,1,1,0
15082,Adam Engel,OF,999.0,,,24,95,105,19,13,4,0,2,10,9,7,0,35,1,1,1,4,1
11680,Elias Díaz,C,259.1600036621094,COL,Rockies,94,338,371,85,56,18,1,11,41,43,25,0,79,3,3,2,1,0
6887,Martín Maldonado,C,681.969970703125,CHW,White Sox,68,240,269,46,29,8,0,9,27,27,21,0,86,3,2,2,1,0
