IDFANGRAPHS,Player,Team,Position,Status,Salary,ADP,Age,%D,POINTS_steamer,POINTS_fangraphsdc,POINTS_zipsdc,POINTS_atc,POINTS_thebat,POINTS_zips,MEAN,STD,Rank,Rank_round,ADP_round,Keper_Value,Draft_Value
19755,Shohei Ohtani,LAA,"UT,SP",uu,27,8.38,28,100%,130.44578992455715,128.59753980357516,124.83862421766497,133.81562192650648,134.23991840444478,135.16122551765125,131.1831199657333,3.6419068657414346,1,1.0,1.0,26.0,0.0
20123,Juan Soto,SD,OF,sfernand,25,6.64,24,100%,88.38599069651524,84.21735645964056,78.81170033709651,85.03877705380278,83.2524150005935,83.52877634116012,83.87250264813478,2.8273978319192343,2,1.0,1.0,24.0,0.0
15640,Aaron Judge,NYY,OF,uu,28,2.21,30,100%,81.57842725106408,82.74848103536458,81.13998103112486,81.72070193748594,82.83794625193423,84.76225536403695,82.46463214516844,1.1966966973599675,3,1.0,1.0,27.0,0.0
5361,Freddie Freeman,LAD,"1B,INF",FAFO,30,13.91,33,100%,77.08539056609875,78.80804354476386,76.76081205094006,81.61579404838079,78.05234811910147,80.2438167149625,78.76103417404124,1.7156832386245742,4,1.0,2.0,29.0,1.0
19611,Vladimir Guerrero Jr.,TOR,"1B,INF",FAFO,25,12.91,24,100%,79.87856818913278,74.760641439277,68.93921925863805,76.64693349373806,78.66766978073662,75.53485179133217,75.73798065880912,3.5065022592994217,5,1.0,1.0,24.0,0.0
19556,Yordan Alvarez,HOU,OF,TYR,23,10.91,25,100%,72.30715657749057,75.56083456585141,76.42138367934396,74.72104188737798,71.23940324621886,82.4370536570039,75.44781226888111,3.603533691014296,6,1.0,1.0,22.0,0.0
13510,Jose Ramirez,CLE,"3B,INF",TYR,30,3.01,30,100%,72.26539416413084,73.81789125415578,71.72736010821303,76.18110962900448,73.53283572017014,76.80855181772947,74.05552378223395,1.8731373293435134,7,1.0,1.0,29.0,0.0
18345,Kyle Tucker,HOU,OF,uu,25,9.65,26,100%,78.14292630947457,76.82452634918415,70.96776103100804,73.09008094015772,65.16048707591608,74.11851435900883,73.05071601079156,4.240841252999278,8,1.0,1.0,24.0,0.0
18401,Ronald Acuna Jr.,ATL,OF,Edgar,28,4.0,25,100%,76.0829929634756,74.26773013755331,71.69073083664136,73.09463361163472,69.6594600067388,73.15452542130137,72.99167882955753,2.0007413908438463,9,1.0,1.0,27.0,0.0
13125,Gerrit Cole,NYY,SP,SS268,30,12.4,32,100%,71.94865599946527,71.85540395892163,70.79891642055267,75.11093910295412,69.54796443372882,73.23293601857502,72.08246932236626,1.7623795749857907,10,1.0,1.0,29.0,0.0
16252,Trea Turner,PHI,"SS,INF",Edgar,30,4.56,29,100%,64.69947121140953,71.39272308555284,73.30825030999446,72.92178625420088,70.71988802866643,78.12333536393699,71.86090904229353,3.9842514873601957,11,1.0,1.0,29.0,0.0
10954,Jacob deGrom,TEX,SP,DN,30,29.68,34,100%,76.07677661032531,75.39810686974877,74.7293312795742,70.63275050786682,71.98387992561487,61.124706930493076,71.65759202060384,5.083546303098335,12,1.0,3.0,29.0,2.0
13611,Mookie Betts,LAD,OF,sfernand,30,10.9,30,100%,71.35895835867838,70.94712583827581,69.3692496321888,71.31825789751376,69.97277240652163,72.50767980202116,70.9123406558666,1.01443511228597,13,2.0,1.0,28.0,-1.0
10155,Mike Trout,LAA,OF,uu,30,15.89,31,100%,69.34032426915633,73.85044133570305,75.52355392257934,70.8237885920285,69.09830711950724,63.17810510429886,70.30242005721222,3.9423321947431895,14,2.0,2.0,28.0,0.0
17350,Rafael Devers,BOS,"3B,INF",Tomy,28,20.33,26,100%,67.75787220064406,71.21602956857147,71.19872870273757,66.54735891314417,66.94329446851461,75.75114970988244,69.90240559391573,3.220392565117835,15,2.0,2.0,26.0,0.0
19361,Corbin Burnes,MIL,SP,uu,23,11.71,28,100%,68.44539079228424,68.81013653826426,68.40406849855813,73.63980093637343,67.09720564538132,71.55090432115587,69.65791778866955,2.22699838731948,16,2.0,1.0,21.0,-1.0
16149,Aaron Nola,PHI,SP,TYR,29,24.28,29,100%,66.33469349547445,66.74960728104996,67.456906555481,71.08126515667179,71.31931345923653,71.63425574601713,69.09600694898847,2.27830867222298,17,2.0,2.0,27.0,0.0
3137,Max Scherzer,NYM,SP,CR,30,37.57,38,100%,70.78347094597905,69.36800904952662,68.3994106535788,70.41833343019027,67.7917961765419,64.64315719705903,68.5673629088126,2.041542028730802,18,2.0,4.0,28.0,2.0
8700,Justin Verlander,NYM,SP,Pete,30,36.02,40,100%,67.21296292546498,66.72516864162351,67.94399718251594,68.89995477136014,67.9136168821811,70.5344987650082,68.2050331946923,1.2407384644080912,19,2.0,3.0,28.0,1.0
9218,Paul Goldschmidt,STL,"1B,INF",DN,30,24.14,35,100%,65.56709236891095,67.57885549694568,65.57793051775077,70.5590488003351,67.5008380033829,68.0704053685186,67.47569509264066,1.6889986862388982,20,2.0,2.0,28.0,0.0
19251,Pete Alonso,NYM,"1B,INF",Pete,23,18.94,28,100%,66.02937935199085,67.74834542444064,65.0853115337968,68.53277614599412,66.69416114397436,70.1649388931961,67.37581874889882,1.6723485065589792,21,2.0,2.0,21.0,0.0
23697,Julio Rodriguez,SEA,OF,uu,1,5.87,22,100%,64.89137884989358,66.28099916566302,64.7231021223507,68.51744076779451,67.2835529499499,68.03064928429808,66.62118718999163,1.4566960982507005,22,2.0,1.0,-1.0,-1.0
17678,Alex Bregman,HOU,"3B,INF",uu,29,53.55,28,100%,65.56749843719759,69.26496738152889,69.99056339365251,63.912138809810855,60.166571735541176,70.509433772271,66.56852892166701,3.7317412737886375,23,2.0,5.0,27.0,3.0
19709,Fernando Tatis Jr.,SD,"SS,INF,OF",TCE,23,24.69,24,100%,70.70120308578572,69.26482648471683,64.72337477608207,64.02652165556538,65.04150084205004,61.30456805551137,65.84366581661857,3.1912367165713733,24,2.0,2.0,21.0,0.0
18360,Austin Riley,ATL,"3B,INF",TCE,22,21.16,25,100%,63.707936959887235,66.11243841794389,65.02487285823,63.67876299052948,64.24211305419269,68.47791699661065,65.20734021289898,1.6864949600795556,25,3.0,2.0,19.0,-1.0
11493,Manny Machado,SD,"3B,INF",Patron#5,30,14.41,30,100%,63.643557379580095,64.3637067990218,61.909976654351695,67.80148600882471,66.16311486326097,65.67199061614924,64.92563872019808,1.8891181244222313,26,3.0,2.0,27.0,-1.0
14344,Matt Olson,ATL,"1B,INF",CR,29,32.7,28,100%,62.97616163324426,65.51287765663602,64.53084060068349,63.173472885535475,62.55389731970601,69.64973737932657,64.73283124585531,2.4183492381984752,27,3.0,3.0,26.0,0.0
19612,Bo Bichette,TOR,"SS,INF",SS268,25,21.61,25,100%,62.62531033676423,62.66630586835253,60.46440543393437,65.83960799746062,64.1954342227115,68.63083136031857,64.07031586992362,2.6142629911267576,28,3.0,2.0,22.0,-1.0
19427,Shane Bieber,CLE,SP,DN,27,41.04,27,100%,62.01686090403649,63.82824331905037,65.67357238937778,64.83176534513188,58.93365899790632,67.0591884052798,63.72388156013045,2.6465076249880006,29,3.0,4.0,24.0,1.0
21483,Shane McClanahan,TB,SP,sfernand,18,34.52,25,100%,65.04218933251248,63.95266075941208,61.90222048074865,64.22527062468305,61.19790523471766,64.07393203613546,63.39902974470156,1.3680908173623305,30,3.0,3.0,15.0,0.0
16137,Carlos Rodon,NYY,SP,FAFO,17,85.01,30,100%,64.38387407029637,63.06593809817643,62.79288693225186,57.64032479914737,58.248747025297796,69.47674984750292,62.60142012877879,3.9635414991096405,31,3.0,8.0,14.0,5.0
16162,Brandon Woodruff,MIL,SP,CR,24,33.58,30,100%,58.84438705024076,60.87084653307861,61.9987756450524,65.25679716340358,60.46255932325871,66.39379606652712,62.304526963593524,2.6755796126740563,32,3.0,3.0,21.0,0.0
9777,Nolan Arenado,STL,"3B,INF",Patron#5,29,32.67,31,100%,61.894307816391176,63.467015550840635,61.21539051505695,60.371867684680446,63.105391472349936,62.4465873200019,62.08342672655351,1.0653092487977767,33,3.0,3.0,26.0,0.0
21032,Emmanuel Clase,CLE,RP,TYR,17,62.14,25,100%,59.61851224388874,60.834925242631634,61.60076836896303,63.2748357914336,62.07412448885215,64.0854675917038,61.91477228791215,1.4789952812384424,34,3.0,6.0,14.0,3.0
13624,Corey Seager,TEX,"SS,INF",TYR,28,45.35,28,100%,64.38872641799034,61.09650297410457,56.81263819084547,65.82129238361496,61.99711946309749,61.27857177548516,61.89914186752299,2.842907889211752,35,3.0,4.0,25.0,1.0
18684,Sandy Alcantara,MIA,SP,Edgar,18,20.8,27,100%,57.14465677159099,58.940983562558664,60.82735649145191,62.8613387463823,63.32963846340978,67.02969317910603,61.688944535749954,3.202451029358568,36,3.0,2.0,15.0,-1.0
14107,Kevin Gausman,TOR,SP,sfernand,17,53.29,32,100%,63.47416088597723,60.0829547985054,57.33034532778642,65.13250062251902,62.00587802952387,60.609197101508805,61.43917279430346,2.5004550204550453,37,4.0,5.0,13.0,1.0
14212,Josh Hader,SD,RP,uu,27,77.61,28,100%,59.541838513867155,61.743191383495905,63.56235841434947,59.294238171852726,58.963993601592534,62.35523743610706,60.91014292021081,1.7362515756627497,38,4.0,7.0,23.0,3.0
27498,Spencer Strider,ATL,"SP,RP",CR,12,33.54,24,100%,58.770086822094285,57.925433246666266,57.36737073655442,65.03337237774318,65.11949833217827,57.786771068094424,60.33375543055514,3.379383013821988,39,4.0,3.0,8.0,-1.0
19326,Bryan Reynolds,PIT,OF,CR,23,80.68,28,100%,59.38728314743062,59.8905326171342,57.55629241102362,59.924980867342946,63.528158879026485,61.60286775068054,60.31501927877307,1.8612901854113753,40,4.0,7.0,19.0,3.0
10310,Zack Wheeler,PHI,SP,Pete,27,47.35,32,100%,58.72099179995109,59.159834178685216,58.21293800452439,62.70760651396904,59.01602111783693,59.627661489490976,59.57417551740961,1.4654553137943995,41,4.0,4.0,23.0,0.0
12533,Marcus Semien,TEX,"2B,INF",Patron#5,29,30.31,32,100%,56.08641673081127,59.69624316604059,60.775187040095204,57.671632121423684,53.06966289049114,69.190111251622,59.41487553341398,5.030972529647523,42,4.0,3.0,25.0,-1.0
14765,Julio Urias,LAD,SP,DN,25,49.81,26,100%,51.522860390981734,56.50508977491877,61.02492853371409,57.925645379646454,62.95962548467257,62.45671879949496,58.73247806057143,3.970409258713888,43,4.0,5.0,21.0,1.0
16478,Kyle Schwarber,PHI,OF,FAFO,27,34.13,30,100%,56.91768373892563,57.514264404253005,58.29971563456622,59.62700167294145,56.0867978848503,63.72297488806947,58.694739703934346,2.5053647714743983,44,4.0,3.0,23.0,-1.0
23667,Wander Franco,TB,"SS,INF",Patron#5,17,83.1,22,100%,60.908286597293866,60.756841456155776,58.39138699597496,60.43835730455657,59.973409907334684,51.33879478725292,58.634512841428126,3.3666857626047517,45,4.0,7.0,13.0,3.0
14162,Carlos Correa,MIN,"SS,INF",FAFO,28,103.5,28,100%,57.78614924299204,58.55285932810255,57.740768116817726,57.48204070754102,58.06448146954679,61.46886876508489,58.515861271680826,1.361824746459764,46,4.0,9.0,24.0,5.0
15689,Luis Castillo,SEA,SP,Patron#5,28,54.11,30,100%,56.027510386974456,57.782016887730286,58.66576407812276,59.105994656575504,56.157627819906054,63.14149995436647,58.48006896394592,2.382269844381284,47,4.0,5.0,24.0,1.0
27676,Vinnie Pasquantino,KC,"1B,INF",DN,1,90.81,25,100%,59.83560131423486,58.96127150625243,55.31649495278873,61.02289588894459,54.8739635474421,60.29611091751474,58.384389687862914,2.4079822342506008,48,4.0,8.0,-3.0,4.0
12856,George Springer,TOR,OF,TCE,30,62.75,33,100%,59.84030068123033,59.93169429998215,60.02014299359993,58.00041051962243,51.743550290782686,60.60104133005765,58.35619001921253,3.0644868612039913,49,5.0,6.0,25.0,1.0
13074,Yu Darvish,SD,SP,Tomy,28,61.54,36,100%,57.40568445146436,56.734185683718266,56.72802789385436,60.77828388122178,55.86301825935914,60.81517973132124,58.054063316823196,1.9902538382546069,50,5.0,6.0,23.0,1.0
12161,Xander Bogaerts,SD,"SS,INF",SS268,29,76.45,30,100%,55.839708141675764,56.442098332884996,55.15838208420214,59.36666373504315,59.72764228562682,60.81729843019273,57.89196550160427,2.155936388068911,51,5.0,7.0,24.0,2.0
18568,Luis Arraez,MIA,"1B,2B,INF",sfernand,19,207.89,25,98%,55.58232863640614,56.81690162906609,57.02075773768475,55.397248207558995,58.57476773477655,60.80528583205347,57.366214962924325,1.8604647532333374,52,5.0,18.0,14.0,13.0
25764,Bobby Witt Jr.,KC,"3B,SS,INF",DN,11,23.72,22,100%,55.8954487366628,56.169262000638,55.192398636420975,57.78391833278465,56.04021933567098,62.398658062371894,57.24665085075822,2.4322067381963643,53,5.0,2.0,6.0,-3.0
26410,Alek Manoah,TOR,SP,TYR,18,45.42,25,100%,51.200240398020654,55.36531770335838,58.74593299842651,57.11645515438745,56.7453488405845,64.20082102094803,57.22901935262092,3.893867248532243,54,5.0,4.0,13.0,-1.0
25931,Michael Harris,ATL,OF,Edgar,1,40.34,22,100%,52.54591775759899,57.59312653410673,57.578022229420576,56.39968352312335,52.73204791079967,66.33579432938863,57.19743204740632,4.58300722950087,55,5.0,4.0,-4.0,-1.0
16578,Yandy Diaz,TB,"3B,INF",Edgar,24,235.53,31,92%,61.09365945762809,58.53943639090782,55.300957486114875,57.134659566342876,54.58481703499838,54.53064032997999,56.864028377662,2.375314262062459,56,5.0,20.0,19.0,15.0
19566,Nathaniel Lowe,TEX,"1B,INF",sfernand,23,110.83,27,100%,57.06332325062942,56.566383781971936,54.649215557703805,55.644494768388235,57.132212182489,59.959518709752984,56.835858041822554,1.6416551782498092,57,5.0,10.0,18.0,5.0
12916,Francisco Lindor,NYM,"SS,INF",Tomy,30,36.48,29,100%,53.21751736071344,55.97679749562144,55.70860244310876,56.693232144546876,56.10447107916432,62.37498334297089,56.67926731102096,2.7746211058792656,58,5.0,3.0,25.0,-2.0
13743,Max Fried,ATL,SP,SS268,26,60.16,29,100%,52.65948526475891,54.12713430678801,55.48599970440566,59.43741445393583,57.65816456733434,60.052058072474566,56.57004272828288,2.706956197029902,59,5.0,5.0,21.0,0.0
19290,Randy Arozarena,TB,OF,Patron#5,26,45.31,28,100%,53.83251099832732,55.86965431075662,55.0640201596934,55.42870219673959,58.0628563168471,61.10748591793442,56.56087165004974,2.3934551228793404,60,5.0,4.0,21.0,-1.0
15429,Kris Bryant,COL,OF,Tomy,29,121.72,31,100%,52.74764511046648,55.77697178498663,58.47144987023647,55.3986844421167,58.93497796509365,57.83365526006413,56.52723073882734,2.1372003700311835,61,6.0,11.0,23.0,5.0
7005,Ryan Pressly,HOU,RP,Patron#5,28,112.79,34,100%,54.46455106595303,56.52618626545164,58.560213811960566,56.19286450543127,56.73599110804381,56.48856905301442,56.49472930164246,1.192910099622347,62,6.0,10.0,22.0,4.0
20666,Felix Bautista,BAL,RP,uu,28,148.97,27,100%,53.972107178961615,56.041738123725416,56.914765628023034,56.99208074033941,55.78726235346506,58.68316513038992,56.398519859150746,1.4275174061124636,63,6.0,13.0,22.0,7.0
2036,Clayton Kershaw,LAD,SP,Edgar,29,102.77,35,100%,57.7621074984917,57.50578931817283,57.354640714038275,54.354252759087615,56.5193185103783,54.44960261391817,56.324285235681145,1.4117611954323335,64,6.0,9.0,23.0,3.0
24610,Steven Kwan,CLE,OF,Tomy,1,119.11,25,100%,58.46425317946143,54.71494901813005,50.76540327355019,57.93093638514549,57.686118896869736,58.37634604707581,56.32300113337212,2.790383995301379,65,6.0,10.0,-5.0,4.0
12970,Joe Musgrove,SD,SP,FAFO,19,136.57,30,100%,52.35444931870412,55.6432466171901,59.024296235063886,55.52106901670494,50.4480602342379,64.86663934325969,56.30962679419344,4.684356434741434,66,6.0,12.0,13.0,6.0
20373,Andres Munoz,SEA,RP,TYR,13,236.22,24,94%,55.56214938973341,55.25631068047448,55.05509003271446,57.49262493598674,55.60834260180155,56.80462661223244,55.963190708823845,0.8811224816360682,67,6.0,20.0,7.0,14.0
12927,Brandon Nimmo,NYM,OF,Edgar,24,139.59,29,100%,55.823628537891906,53.83896194913025,52.47977151847167,56.26294481811169,57.974662170774046,57.261429836766844,55.60689980519107,1.9028780934988483,68,6.0,12.0,18.0,6.0
15676,Jose Abreu,HOU,"1B,INF",SS268,28,89.2,36,100%,55.42690940061996,57.371702982440226,56.65306169650719,55.50877278383764,48.421287951492715,59.47176756645746,55.47558373022587,3.4331173266228747,69,6.0,8.0,22.0,2.0
18000,Triston McKenzie,CLE,SP,TYR,19,76.96,25,100%,49.88942508594964,55.43235076254088,59.30596972401267,55.79374027622629,52.30747426992457,60.08620919002017,55.469194884779036,3.588747639417662,70,6.0,7.0,13.0,1.0
11477,Christian Yelich,MIL,OF,Tomy,29,93.7,31,100%,54.8058049859355,54.569128811004546,53.17070901867188,54.50980405081009,56.65425706216576,59.03672997746784,55.4577389843426,1.896688549373851,71,6.0,8.0,23.0,2.0
19291,Zac Gallen,ARI,SP,Patron#5,25,59.86,27,100%,51.557568874513045,53.69727263937863,55.416342738972425,57.52290063597823,53.61872051464379,60.63562449462652,55.40807164968544,2.9652110986849283,72,6.0,5.0,19.0,-1.0
18138,Ryan Helsley,STL,RP,uu,11,131.94,28,100%,56.40773110309027,56.23576397766359,55.88017981283783,55.61738834587742,58.0819942095427,49.59590462683371,55.303160345974256,2.6713355672570684,73,7.0,11.0,4.0,4.0
15816,Devin Williams,MIL,RP,DN,26,93.28,28,100%,52.403361867349275,54.206397504567036,55.72913249992237,55.932709690386,56.25180642534225,56.48693408978751,55.16839034622574,1.4365338227462934,74,7.0,8.0,19.0,1.0
20043,Luis Robert,CHW,OF,CR,17,59.19,25,100%,57.29176622660138,57.01942735336475,54.15012848746411,55.42324466035844,56.00788681639289,50.363186271512156,55.042606635948964,2.335832554573818,75,7.0,5.0,10.0,-2.0
18525,Dylan Cease,CHW,SP,FAFO,23,31.6,27,100%,52.98165190389733,54.246891700373375,54.53990088776105,53.83724097664576,52.251312509724734,62.07076314961708,54.98796018800323,3.259721500942057,76,7.0,3.0,16.0,-4.0
16122,Jordan Romano,TOR,RP,Pete,26,100.43,29,100%,54.14439427483211,54.05565584174554,54.05034616267838,56.615459116189854,56.25776625258697,54.08650055736896,54.86835370090029,1.1141416952392833,77,7.0,9.0,19.0,2.0
17929,Cedric Mullins,BAL,OF,FAFO,25,52.17,28,100%,53.80781801308957,53.14950287307047,52.61366090671643,55.19431416594117,52.24837788888101,61.47691445905362,54.74843138445871,3.1548939314513564,78,7.0,5.0,18.0,-2.0
19569,David Bednar,PIT,RP,FAFO,24,209.36,28,97%,53.48740374322494,55.208706739295,56.88626726215905,55.33451155340492,57.12692963378837,50.25972302647786,54.717256993058356,2.3279390709250545,79,7.0,18.0,17.0,11.0
17130,Raisel Iglesias,ATL,RP,CR,27,126.64,33,100%,51.1936232931066,52.558640324599494,54.043465357970874,55.82053150257574,56.29979693196986,57.94414950801284,54.6433678197059,2.2960596858290327,80,7.0,11.0,20.0,4.0
11486,Robbie Ray,SEA,SP,sfernand,28,71.65,31,100%,55.803890336731314,54.09513321020323,51.354806181388106,55.94232850401013,53.450291091474966,56.760278504062065,54.56778797131164,1.826644430463082,81,7.0,6.0,21.0,-1.0
17027,Alex Verdugo,BOS,OF,Tomy,22,186.9,26,98%,52.44057123359199,53.891277649559925,54.48716304762921,52.03895793919894,51.59672062756608,60.48311692762361,54.15630123752829,3.0051796619692377,82,7.0,16.0,15.0,9.0
19197,Will Smith,LAD,C,TCE,24,64.98,27,100%,51.581071975995734,52.77751255721813,53.46329645270001,53.7785444191517,53.52405794102488,58.97750209413528,54.01699757337096,2.3339200229322836,83,7.0,6.0,17.0,-1.0
13419,Christian Walker,ARI,"1B,INF",sfernand,21,117.59,31,100%,53.60441285964015,55.542380924049965,53.55025103303547,51.51452952042859,53.82259483197747,55.72635409563479,53.960087210794406,1.409342554248907,84,7.0,10.0,14.0,3.0
16556,Ozzie Albies,ATL,"2B,INF",SS268,25,52.18,26,100%,50.1313840267127,53.998107077854606,53.870858340065055,53.317962988955664,53.020823676015944,59.32323966007374,53.94372929494629,2.7302232382243754,85,8.0,5.0,17.0,-3.0
13613,Ketel Marte,ARI,"2B,INF",Tomy,24,184.95,29,98%,51.518611443504774,53.6982626510939,56.14534841693598,51.4354855730348,51.23861109854714,57.466222461493984,53.58375694076843,2.450442333663945,86,8.0,16.0,16.0,8.0
17874,Nestor Cortes Jr.,NYY,SP,Pete,20,105.51,28,100%,51.26728552748867,52.7760538898884,53.963372624985,53.707427783065405,54.282733461324064,54.80520613512185,53.46701323697891,1.1602125041207318,87,8.0,9.0,12.0,1.0
17548,Taylor Ward,LAA,OF,CR,11,120.79,29,100%,51.93264248124196,53.064569649241456,52.8135835051789,54.881244366206595,53.07380228642523,53.70332492405905,53.24486120205887,0.8997799234646121,88,8.0,10.0,3.0,2.0
15172,Tim Anderson,CHW,"SS,INF",Tomy,25,110.96,29,100%,52.890660098224934,52.32803920676215,52.464441460704684,54.78012693973548,55.46166435484584,51.07938563269762,53.16738628216178,1.4999779626950291,89,8.0,10.0,17.0,2.0
21029,Jhoan Duran,MIN,RP,CR,1,218.82,25,96%,53.152772995481484,53.36962182772379,52.36365288092387,54.617743338440704,52.46980995539323,52.41414110793659,53.064623684316615,0.7938582839594233,90,8.0,19.0,-7.0,11.0
13892,Paul Sewald,SEA,RP,DN,22,254.58,32,94%,52.024072569225886,52.90366150236977,52.32717732889265,53.401098455753285,55.75154032426007,51.53084416490926,52.98973239090182,1.372591603212546,91,8.0,22.0,14.0,14.0
17606,Cristian Javier,HOU,SP,Tomy,21,58.74,26,100%,49.53390861715632,50.10325389032541,50.718529369476215,57.793090234850595,55.65869635922259,54.06979879738775,52.97954621140315,3.076642525766487,92,8.0,5.0,13.0,-3.0
17484,Eloy Jimenez,CHW,OF,DN,24,74.69,26,100%,56.53878003194537,54.67660313289134,52.338111758109214,54.38553651623308,52.002838744666604,47.83545426219259,52.96288740767303,2.7492534999605587,93,8.0,7.0,16.0,-1.0
5417,Jose Altuve,HOU,"2B,INF",FAFO,29,119.68,32,100%,49.29743638219631,51.202968656768704,50.877074663900885,49.57399949817739,48.44883258769848,67.47834304480642,52.81310913892471,6.6245573863183305,94,8.0,10.0,21.0,2.0
26288,Adley Rutschman,BAL,C,uu,1,73.82,25,100%,49.91909019679281,53.01418894694847,53.92970365380169,52.27459636346625,46.34851217503023,59.73987157579609,52.53766048530593,4.067521318206008,95,8.0,7.0,-7.0,-1.0
15362,Jeff McNeil,NYM,"2B,INF,OF",FAFO,24,170.23,30,100%,51.948849457367004,54.09267179698003,52.511978252227635,51.91842701783149,50.61340638847173,54.08326482905649,52.52809962365573,1.2409651100752208,96,8.0,15.0,16.0,7.0
19470,Tommy Edman,STL,"2B,SS,INF",TYR,21,80.06,27,100%,48.352044432029906,52.333986396754646,51.13185065335646,51.72269783900681,50.89672814767793,60.342479867450166,52.46329788937933,3.736665537365004,97,9.0,7.0,12.0,-2.0
3096,Kenley Jansen,BOS,RP,DN,28,144.52,35,100%,49.115093121341886,50.718263086476995,52.055073487533285,52.8795039179978,56.49539089670289,52.357249266706724,52.270095629459924,2.2598139268245254,98,9.0,12.0,19.0,3.0
25436,George Kirby,SEA,SP,CR,1,98.15,25,100%,51.06655997199178,49.31020062259465,47.41270309476357,57.233003680940975,54.17369464625385,53.253518852543195,52.07494681151467,3.2351328457939266,99,9.0,9.0,-8.0,0.0
17982,Ty France,SEA,"1B,INF",TCE,22,172.55,28,99%,52.300743103056895,51.17568157772253,50.56918001906356,50.04029859609555,50.81081354692218,57.26300357812515,52.02662007016431,2.4415412482140235,100,9.0,15.0,13.0,6.0
9241,Starling Marte,NYM,OF,sfernand,26,95.73,34,100%,51.623177137242905,51.12344768733175,50.014601364987385,52.765667092950444,53.360956290833975,52.508528279673065,51.89939630883658,1.1171742392163104,101,9.0,8.0,17.0,-1.0
26197,Andrew Vaughn,CHW,"1B,INF,OF",Pete,18,144.74,24,100%,48.65839461536817,52.30548206844708,53.557776937063984,49.27055947529301,48.97735219559123,58.509917769081746,51.879913843474206,3.4776684096310118,102,9.0,12.0,9.0,3.0
22250,Logan Gilbert,SEA,SP,TCE,26,89.84,25,100%,52.42294131774986,50.29712298251393,48.19284382884389,53.23356474011302,52.0355075863586,54.99291727336775,51.862482954824515,2.157936458061793,103,9.0,8.0,17.0,-1.0
14374,Tyler Glasnow,TB,SP,TCE,27,159.92,29,99%,55.62934050383266,55.05426633827442,53.82912426806049,51.38891221493209,54.09761356964268,41.05525075916853,51.842417942318484,5.0043032353791075,104,9.0,14.0,18.0,5.0
13145,Josh Bell,CLE,"1B,INF",CR,27,166.22,30,99%,53.96388467949297,51.00747138223779,46.11029004276569,54.89108091182941,53.82823532916181,50.89070260034643,51.78194415763901,2.9489174100523887,105,9.0,14.0,18.0,5.0
19950,Andres Gimenez,CLE,"2B,INF",Edgar,11,91.7,24,100%,48.805005651443224,52.65816502982635,51.0792151263168,51.60008827736066,50.51187245338513,55.80594411042988,51.743381774793676,2.158454730780248,106,9.0,8.0,2.0,-1.0
21992,Camilo Doval,SF,RP,FAFO,11,158.02,25,100%,51.47623342780098,51.5033396020481,50.68184246090776,51.04393700463595,51.988028903324164,53.55273862168946,51.70768667006774,0.9193346107667767,107,9.0,14.0,2.0,5.0
15679,Rowdy Tellez,MIL,"1B,INF",Patron#5,21,159.73,28,99%,51.99800734553726,51.113496780814685,49.612450099417,49.701017178141825,48.54835748721732,58.24968569646509,51.5371690979322,3.200488013529248,108,9.0,14.0,12.0,5.0
14993,Scott Barlow,KC,RP,Pete,23,220.41,30,97%,49.45215103929865,51.11844383652377,51.577833313731155,51.36997107503251,52.24099819039964,53.0471438401369,51.46775688252044,1.1029302400338803,109,10.0,19.0,13.0,9.0
30116,Seiya Suzuki,CHC,OF,Edgar,1,196.97,28,97%,51.92246879939355,52.00249169316241,50.79592886962426,49.57860894660836,52.15175130067206,51.938906444831474,51.398359342382015,0.9286074888775203,110,10.0,17.0,-9.0,7.0
11739,J.T. Realmuto,PHI,C,Pete,29,44.57,32,100%,46.9834887949293,48.84965415029604,48.84768967261821,52.73689882570371,54.13359824581878,56.35578434322428,51.31785233876505,3.3242365051155516,111,10.0,4.0,19.0,-6.0
15986,Willy Adames,MIL,"SS,INF",CR,24,88.57,27,100%,46.71849394728802,49.27258762623431,51.492964554382155,49.87095822305198,51.965078363663416,58.46651190565689,51.297765770046134,3.6281580849626622,112,10.0,8.0,14.0,-2.0
3473,Anthony Rizzo,NYY,"1B,INF",TYR,25,140.3,33,100%,54.22255024110632,51.17252838081175,47.43891271756303,51.11529675229557,51.13608297275217,52.46452208244568,51.25831552449575,2.0360179320238143,113,10.0,12.0,15.0,2.0
17901,Andrew Benintendi,CHW,OF,FAFO,17,210.3,28,95%,47.71498383594808,51.61243067569316,53.11131829949743,48.12630104771157,44.700429266218244,61.91925136023596,51.1974524142174,5.516081491473234,114,10.0,18.0,7.0,8.0
21132,Alexis Diaz,CIN,RP,Patron#5,20,224.42,26,97%,47.01667045417699,49.990144534091,52.22488983311556,50.641600156575066,53.47367797973686,53.39178884378853,51.12312863358067,2.245896277730838,115,10.0,19.0,10.0,9.0
13301,Max Muncy,LAD,"2B,3B,INF",Pete,28,111.05,32,100%,48.99041999503248,50.193491567653346,48.3884346482639,54.37428831293778,50.273088908552786,54.397460883438356,51.102864052646446,2.411867083209952,116,10.0,10.0,18.0,0.0
14551,Anthony Santander,BAL,OF,DN,26,98.45,28,100%,49.3566233754726,52.66758029807825,53.77799501630018,48.23240757748052,46.347852612979395,56.22518403602916,51.10127381939001,3.4093454921810453,117,10.0,9.0,16.0,-1.0
18314,Dansby Swanson,CHC,"SS,INF",Pete,21,70.23,29,100%,45.84257752207757,50.36406374474675,52.310484202683085,49.82580941934805,48.74143073612353,59.4600013595914,51.09072783076173,4.217481135900635,118,10.0,6.0,11.0,-4.0
17995,Logan Webb,SF,SP,Tomy,17,82.61,26,100%,46.731727913888484,50.09000122970457,53.48497634889651,51.86303660611871,47.64961368078607,56.14778032344208,50.994522683806075,3.2580857043549116,119,10.0,7.0,7.0,-3.0
17295,Framber Valdez,HOU,SP,Patron#5,23,54.56,29,100%,49.212166493115184,49.94958968620902,49.50995280751548,52.26117366499294,48.3747896029778,56.61829583466902,50.987661348246576,2.785874320726242,120,10.0,5.0,13.0,-5.0
2520,Lance Lynn,CHW,SP,Edgar,28,122.13,35,100%,54.139074845092395,51.24909397447164,48.66041605965328,52.861417572111215,49.47367889751833,49.00764270573822,50.898554009097516,2.044984231575738,121,11.0,11.0,17.0,0.0
12546,C.J. Cron,COL,"1B,INF",Tomy,28,138.55,33,100%,48.42123341702608,49.727564890478774,50.08426810418245,50.19140220201533,52.22793257250077,54.26673070118242,50.81985531456431,1.903775141302158,122,11.0,12.0,17.0,1.0
21390,Joe Ryan,MIN,SP,uu,23,143.42,26,100%,47.949992597933274,48.56411464438104,48.72194337187474,52.24416774573875,52.43710573650592,54.23693588762274,50.69237666400941,2.3786835342357326,123,11.0,12.0,12.0,1.0
15423,Andrew Heaney,TEX,SP,sfernand,21,209.63,31,94%,53.77858108558466,50.16841357844048,46.96314436907112,52.7117613194463,54.68130495037102,45.479113631139455,50.630386489008835,3.4363470569743795,124,11.0,18.0,10.0,7.0
12304,Chris Bassitt,TOR,SP,TCE,23,122.12,34,100%,47.08765742359497,50.04841770284167,52.43017815405406,50.32672107808778,48.36158643558388,55.416964156401335,50.611920825093954,2.7165484590528965,125,11.0,11.0,12.0,0.0
21479,Nico Hoerner,CHC,"SS,INF",sfernand,17,193.5,25,97%,51.70276169642452,51.30266932137413,47.99619805226295,51.57078985470196,52.45659319450612,47.80375256825932,50.4721274479215,1.8529199798914393,126,11.0,17.0,6.0,6.0
19918,Daulton Varsho,TOR,"C,OF",SS268,20,66.94,26,100%,42.718522721663284,50.72986265699897,54.908579236799376,46.62702956008281,48.3600966881457,59.27334399181558,50.43623914258429,5.424728175849695,127,11.0,6.0,9.0,-5.0
13543,Blake Snell,SD,SP,Pete,27,100.44,30,100%,52.892724791029025,51.24755517350317,49.91520488811119,49.61067926910338,46.57639283321664,52.073323364078746,50.38598005317369,2.049751353452087,128,11.0,9.0,16.0,-2.0
22581,Alejandro Kirk,TOR,C,DN,11,160.91,24,100%,52.68550433472765,50.032773001331925,46.19887315792991,51.13126695626855,50.78705853419485,51.413901039232215,50.374896170614186,2.0296400440247186,129,11.0,14.0,0.0,3.0
11579,Bryce Harper,PHI,UT,TCE,28,179.14,30,99%,45.56567601731178,46.525623898771904,47.10535218890303,47.31131283923302,46.96001274226866,68.5688847270137,50.33947706891701,8.172067032737791,130,11.0,15.0,17.0,4.0
22182,Hunter Greene,CIN,SP,DN,1,93.35,23,100%,52.04494069006714,49.35574117194227,46.501338741992086,55.77429182715798,47.310535428873465,50.98523967318596,50.32868125553648,3.1020331304218787,131,11.0,8.0,-10.0,-3.0
17085,Pablo Lopez,MIN,SP,TCE,24,137.36,27,100%,48.723455978992554,48.97271143132942,47.86982192743237,51.45741079466107,51.21626539813861,53.68838268014793,50.32134136845033,1.9920884330099826,132,11.0,12.0,13.0,1.0
4676,Charlie Morton,ATL,SP,Patron#5,22,134.9,39,100%,49.41947786287782,48.84065697854688,48.44423488520596,51.27840879701262,48.951458843934034,54.97257403911505,50.317801901115395,2.2714077565135717,133,12.0,12.0,10.0,0.0
16511,Jordan Montgomery,STL,SP,TCE,16,147.03,30,100%,49.416871414957,49.85097073227622,49.400052271378534,51.57366498379496,46.92151773722033,53.848179861172966,50.16854283346667,2.1336083908698504,134,12.0,13.0,4.0,1.0
18036,Jake Cronenworth,SD,"1B,2B,INF",DN,18,119.54,29,100%,45.39128945392922,48.779817395278926,50.18892910144367,49.523539731686455,48.675022073870444,58.14253363104532,50.11685523120901,3.8937183737838317,135,12.0,10.0,6.0,-2.0
12861,Anthony Rendon,LAA,"3B,INF",CR,27,207.56,32,97%,50.06035842603671,53.57425496956357,55.74376166471458,47.81541401099531,47.65344850978682,45.76431709924082,50.1019257800563,3.5101551740535353,136,12.0,18.0,15.0,6.0
13066,Teoscar Hernandez,SEA,OF,TCE,17,71.45,30,100%,45.79073838422982,49.15160563646107,49.45975784244432,51.76213671747934,48.48092106732898,55.53071920591025,50.02931314230896,3.0200977887701868,137,12.0,6.0,5.0,-6.0
18373,Ryan Mountcastle,BAL,"1B,INF",Edgar,25,146.13,26,99%,45.173639541777604,49.73723711382136,52.317683143657256,46.91778026922668,47.083720519284135,58.657054423936344,49.981185835283895,4.503363311683158,138,12.0,13.0,13.0,1.0
18655,A.J. Minter,ATL,RP,Edgar,23,306.3,29,51%,48.04667457915406,48.877414235864734,49.70128440394644,51.27531097340876,51.38075888834531,50.59452275621227,49.97932763948859,1.228055130429731,139,12.0,26.0,11.0,14.0
11861,Jason Adam,TB,RP,Edgar,22,304.14,31,68%,47.84488757854801,49.781488027277376,50.71456325715813,51.15358863700405,50.313486861984664,49.97836034385501,49.96439578430454,1.0507743771086493,140,12.0,26.0,10.0,14.0
16997,Gleyber Torres,NYY,"2B,INF",SS268,19,117.04,26,100%,50.385737145188315,50.743555881291556,48.12634507874223,48.62897758463958,46.0040942233967,55.46145391489773,49.89169397135935,2.9387161138315547,141,12.0,10.0,7.0,-2.0
18839,Josh Naylor,CLE,"1B,INF",sfernand,11,251.32,25,87%,51.21233259303729,50.59948502803997,47.80218112700206,50.10968900898976,47.834726457678094,51.34837404194742,49.817798042782435,1.4707656080523228,142,12.0,21.0,-1.0,9.0
26378,Nick Lodolo,CIN,SP,DN,1,107.54,25,100%,53.6996329827483,50.53263548127813,47.79595423242201,50.96249750781998,48.34832909715221,47.4628263252256,49.80031260444104,2.1863676365418327,143,12.0,9.0,-11.0,-3.0
15890,Luis Severino,NYY,SP,uu,19,110.1,29,100%,48.9721543274575,48.25860769294848,47.62554110737579,54.496504968306134,50.95016876006344,48.33438520448542,49.7728936767728,2.3563091012473083,144,12.0,10.0,7.0,-2.0
25878,Corbin Carroll,ARI,OF,CR,1,66.36,22,100%,43.7968444009951,47.3094566264703,51.12219347603774,50.35703503293477,47.9883594146404,57.8970316468179,49.745153432982704,4.342140049981137,145,13.0,6.0,-12.0,-7.0
14161,Byron Buxton,MIN,OF,SS268,28,89.61,29,100%,47.99060029777582,52.63486506285371,56.10395329941158,47.934308501947605,47.37497707872481,45.542372516829694,49.59684612625721,3.6122827074146526,146,13.0,8.0,15.0,-5.0
14986,Giovanny Gallegos,STL,RP,Pete,22,330.97,31,56%,45.94055932212898,48.27046362713373,50.1149960541199,51.60622469434629,51.186714627109446,50.40536278336505,49.58738685136723,1.9414191318550706,147,13.0,28.0,9.0,15.0
20454,Jazz Chisholm Jr.,MIA,"2B,INF",uu,21,48.47,25,100%,50.08456263254267,49.79679648662582,49.131075456326286,49.46804862491421,50.64511342934724,48.141389107139666,49.54449762281598,0.7865701842796029,148,13.0,4.0,8.0,-9.0
17677,Jeffrey Springs,TB,"SP,RP",CR,23,151.12,30,100%,47.43330201983822,48.29183636842778,48.758249466492785,52.0790589890072,49.81167941750311,50.49930209126964,49.47890472542313,1.528927602921393,149,13.0,13.0,10.0,0.0
5235,Justin Turner,BOS,"3B,INF",Pete,18,247.56,38,92%,46.31182656876313,51.213092474630386,53.69097805182026,46.7878107963446,43.54157989223837,54.904371950759135,49.40827662242597,4.136804931673572,150,13.0,21.0,5.0,8.0
15474,Lucas Giolito,CHW,SP,TCE,27,109.64,28,100%,46.301232965518885,48.70574218189797,50.6094161251467,49.55132768452927,46.05749366451579,54.632182338335035,49.30956582665727,2.8887410484482854,151,13.0,10.0,14.0,-3.0
15009,Kyle Finnegan,WSH,RP,Patron#5,6,335.3,31,57%,48.58538636000676,49.64504613476824,49.61789347309151,46.96396904435893,49.71734820042583,50.24905828938056,49.12978358367197,1.0869587359728126,152,13.0,28.0,-7.0,15.0
15518,Amed Rosario,CLE,"SS,INF",Patron#5,17,151.92,27,99%,48.15776146309692,47.12869701913002,45.69271240317843,49.36553280475008,49.44049891502515,54.83422404946862,49.10323777577488,2.8708641963164565,153,13.0,13.0,4.0,0.0
13152,Jorge Polanco,MIN,"2B,INF",CR,24,165.27,29,98%,45.981694995593806,46.73778162714634,47.78117808884644,48.305850379196876,48.978267539320896,56.73085567685161,49.085938051159324,3.557092851323087,154,13.0,14.0,11.0,1.0
10603,Chris Sale,BOS,SP,Edgar,26,138.7,33,100%,54.84136409617324,51.1089475349913,46.757304569495524,51.57048468357648,46.916357539003236,42.92512745601953,49.019930979876555,3.9040476298972484,155,13.0,12.0,13.0,-1.0
13649,Clay Holmes,NYY,RP,TCE,14,181.66,29,99%,49.35659854734233,49.08303099683104,47.88126195537549,50.74044422901969,47.02793214144087,49.66174983235585,48.958502950394205,1.2063312180497727,156,13.0,16.0,1.0,3.0
20538,Jose Miranda,MIN,"1B,3B,INF",uu,13,190.85,24,98%,44.43262081639378,48.86365158397157,51.445290112735876,45.54171061111416,42.827935157868815,59.12199978874515,48.70553467847156,5.459666624673597,157,14.0,16.0,-1.0,2.0
9132,Nathan Eovaldi,TEX,SP,sfernand,23,217.46,33,93%,47.88331856400811,47.94450675778618,47.39376485688666,49.44817748469793,50.79598779784909,48.74306668137432,48.70147035710038,1.1473712724248284,158,14.0,19.0,9.0,5.0
17919,Ian Happ,CHC,OF,sfernand,18,143.58,28,99%,49.05332870895305,47.97842220046925,46.294907933743595,47.55124393886504,48.34203007387764,51.82153983048471,48.50691211439888,1.7028446701732654,159,14.0,12.0,4.0,-2.0
9874,DJ LeMahieu,NYY,"1B,2B,3B,INF",TYR,23,204.51,34,99%,48.73461517297731,48.498347774914805,47.510144204687336,45.71808338287599,44.51768432840232,55.01157674113458,48.33174193416539,3.338251205671682,160,14.0,17.0,9.0,3.0
25385,Drew Rasmussen,TB,SP,CR,21,169.0,27,99%,46.95780019064401,46.7120274116592,47.225161709314406,50.1037506013371,48.720015526731046,49.95698322473388,48.27928977740328,1.3935197536172883,161,14.0,15.0,7.0,1.0
17734,Evan Phillips,LAD,RP,Pete,22,289.79,28,82%,46.399418257439386,47.715992710542615,48.054019687530406,50.46459599978596,49.272808670868756,47.40230455123673,48.218189979567306,1.317277127442227,162,14.0,25.0,8.0,11.0
8241,David Robertson,NYM,RP,Edgar,7,320.87,37,50%,47.32428366830233,47.42400687605978,47.260975652729826,49.194155131907394,50.89595291579472,46.36868599581676,48.078010040101795,1.5150214177403811,163,14.0,27.0,-7.0,13.0
10815,Jurickson Profar,COL,OF,FA,1,250.77,30,74%,46.917738693819466,48.64510666752387,49.77363038385426,40.506207188600385,44.29335759095844,58.133996103785144,48.04500610475693,5.436222175820577,164,14.0,21.0,-13.0,7.0
13449,Taylor Rogers,SF,RP,TCE,20,359.72,32,43%,46.39865048615072,48.20390435213161,48.3822030076183,49.91195530166536,49.19070123359779,46.0888283782825,48.02937379324104,1.3827942087126628,165,14.0,30.0,6.0,16.0
13590,Jesse Winker,MIL,OF,TYR,23,220.34,29,93%,46.4453971037497,46.93475789076603,46.0590822434147,49.136641892383956,47.77320457339108,51.3496274854555,47.94978519819349,1.8196592512790326,166,14.0,19.0,9.0,5.0
21622,Jake McCarthy,ARI,OF,Patron#5,16,133.31,25,100%,44.6767044522851,47.62918120281793,46.187934275438124,50.28396759395738,48.6066783527073,49.54155633921682,47.82100370273711,1.9250154355314004,167,14.0,12.0,2.0,-2.0
18882,Brandon Lowe,TB,"2B,INF",TCE,29,133.7,28,100%,45.40344529003818,49.147926511741915,50.12681209018403,45.929221482598955,44.84430740697236,50.47742941969059,47.65485703353767,2.3184979059984423,168,14.0,12.0,15.0,-2.0
11737,Nick Castellanos,PHI,OF,Tomy,26,136.93,31,100%,43.233435387751214,47.431004277770114,47.903209498641026,47.95987876696211,45.621915564537595,52.80477911053443,47.49237043436608,2.893957315883525,169,15.0,12.0,11.0,-3.0
16505,Matt Chapman,TOR,"3B,INF",DN,24,110.0,29,100%,39.424473040842614,47.90094325908192,50.793682609198825,45.34815518767086,44.85275904631133,56.280257702717606,47.43337847430386,5.242897605625942,170,15.0,10.0,9.0,-5.0
4949,Giancarlo Stanton,NYY,OF,TYR,29,112.58,33,100%,49.457755054243854,47.89530158543789,45.80287813574053,45.59927820554078,44.80708399253665,50.93403255107829,47.416054920763,2.216759259410604,171,15.0,10.0,14.0,-5.0
21618,Alec Bohm,PHI,"3B,INF",FAFO,14,174.76,26,99%,44.10115614456616,46.77720631801974,46.90632797705421,47.99104693367255,46.37268998116586,51.689315863569924,47.30629053634141,2.2826957370503025,172,15.0,15.0,-1.0,0.0
25007,Alex Vesia,LAD,RP,FAFO,9,527.85,26,16%,44.707943774842406,46.659943413692574,47.34597397663859,47.37589648496332,48.78873719884544,48.545615896716825,47.237351790949866,1.3466409080751132,173,15.0,44.0,-6.0,29.0
21523,Jonathan India,CIN,"2B,INF",Edgar,18,171.3,26,99%,45.89038675931203,46.388942136094904,45.517939177440276,47.291699179143414,49.46514505656264,48.86273926956435,47.236141929686276,1.4775196344079657,174,15.0,15.0,3.0,0.0
15711,Tyler O'Neill,STL,OF,Patron#5,18,114.23,27,100%,41.98648436169672,46.6639547741938,48.39895159607404,50.141972582616894,46.10085566170549,49.67506595161619,47.161214154650516,2.7351362273202624,175,15.0,10.0,3.0,-5.0
15112,Ryan McMahon,COL,"3B,INF",Pete,21,201.67,28,96%,43.617258653949406,45.03380288840461,45.041705687774,46.55731798934736,49.40384572947644,53.19024709899661,47.14069634132474,3.248553902553243,176,15.0,17.0,6.0,2.0
14524,Jose Leclerc,TEX,RP,uu,12,279.69,29,82%,46.95307703206527,47.49654141965279,47.34735350404129,45.97236651821927,47.38870942950509,47.59715709807802,47.12586750026029,0.5534853251047192,177,15.0,24.0,-3.0,9.0
16426,Thairo Estrada,SF,"2B,SS,INF",TCE,10,199.65,27,98%,44.32079949883602,47.41453145645684,48.052834066660566,45.04622846897531,46.77615226424253,50.08759735725839,46.94969051873827,1.9080449595994393,178,15.0,17.0,-5.0,2.0
14168,Jose Berrios,TOR,SP,TYR,7,178.26,28,99%,46.85819658910336,45.17557923283514,44.292528390471126,46.476815602886724,48.63075250367889,50.066935545768146,46.91680131079056,1.9568963101310073,179,15.0,15.0,-8.0,0.0
21711,Oneil Cruz,PIT,"SS,INF",sfernand,1,72.71,24,100%,46.494907156381885,45.79216044023518,43.734822970616754,47.622220825719396,45.64437086647931,51.22728221701912,46.75262741274194,2.3131155425959498,180,15.0,6.0,-14.0,-9.0
18679,Freddy Peralta,MIL,SP,Pete,26,136.68,26,100%,43.46965984878953,45.883842663615475,47.63772421129466,48.399111355630616,46.429781819355675,48.598278836696494,46.736399789230404,1.757652180448029,181,16.0,12.0,10.0,-4.0
9803,Miles Mikolas,STL,SP,sfernand,6,189.07,34,99%,45.63322466993123,45.888429637693285,46.38051653214265,49.23423399118335,43.01061903784256,48.963385664499064,46.51840158888202,2.115720772329036,182,16.0,16.0,-10.0,0.0
14916,Jon Gray,TEX,SP,Pete,5,185.74,31,96%,46.99041557874119,46.38475688954988,45.73677466069987,47.18692693457451,45.66958095998252,47.100248387070096,46.511450568436345,0.6268010265720586,183,16.0,16.0,-11.0,0.0
6184,J.D. Martinez,LAD,UT,SS268,26,179.05,35,99%,41.5029655355662,43.58549266748202,44.83038241197534,47.88169829039016,49.1390173192828,52.12297155291399,46.51042129626842,3.57638060432163,184,16.0,15.0,10.0,-1.0
6398,Trevor May,OAK,RP,TYR,15,349.16,33,36%,46.57386374428128,46.700527448985454,45.689351898314584,46.32943787827261,48.912260447572734,43.586654970983176,46.29868273140164,1.5703140217726945,185,16.0,30.0,-1.0,14.0
23735,Luis Garcia,HOU,SP,DN,19,124.94,26,100%,44.33725716129539,43.85148293239503,43.38906154434317,48.876317281520976,49.26209555971551,47.63256829542815,46.224797129116375,2.4315421802173294,186,16.0,11.0,3.0,-5.0
25377,Brady Singer,KC,SP,TYR,22,157.27,26,99%,46.749538818239394,45.97901246630788,44.00254619662559,47.853970093927074,44.44173795741655,47.54861572736673,46.095903543313874,1.4583370694671414,187,16.0,14.0,6.0,-2.0
13774,Zach Eflin,TB,SP,sfernand,17,275.84,28,82%,43.94807860129156,45.51404189090981,47.42675359174994,47.61199118961715,47.61430475168607,44.30808316490006,46.0705421983591,1.5556018832463525,188,16.0,23.0,1.0,7.0
15761,Joe Jimenez,ATL,RP,TCE,13,622.1,28,12%,44.56937650521686,46.12680662118238,46.83878319561389,45.7868343203259,46.773814861089136,45.911706576536304,46.001220346660745,0.7547998180124647,189,16.0,52.0,-3.0,36.0
19853,Michael King,NYY,RP,sfernand,16,454.98,27,21%,46.598075360019905,47.419438787623875,47.2016861574724,45.83727724455249,46.724829676497286,42.21736554214634,45.999778794718715,1.7643095973759657,190,16.0,38.0,0.0,22.0
11804,Hector Neris,HOU,RP,TCE,15,517.63,33,17%,43.72121783385226,45.41831787912707,46.14343263051308,46.46850798137465,47.44358844992676,46.60813930841755,45.96720068053522,1.1703703941960906,191,16.0,44.0,-1.0,28.0
11847,Chris Martin,BOS,RP,sfernand,16,664.13,36,11%,45.64126397089151,45.72244774989248,44.6689207808604,49.216704963964375,49.32943139520451,41.18076153969458,45.959921733417964,2.7876281629994377,192,16.0,56.0,0.0,40.0
15672,Austin Meadows,DET,OF,DN,15,260.65,27,84%,43.45917399224495,47.41386443584243,50.338072288848274,40.43383290018087,41.222399949096854,52.758680470527125,45.937670672790084,4.595973075963685,193,17.0,22.0,-2.0,5.0
19352,Sean Murphy,ATL,C,CR,16,144.77,28,100%,42.33799408326861,46.38951779842393,47.85071561559828,45.49071643274697,44.14011765201793,48.80378444877014,45.83547433847098,2.1757943727463926,194,17.0,12.0,-1.0,-5.0
20191,Garrett Whitlock,BOS,"SP,RP",uu,10,268.56,26,88%,41.39431130207373,47.71228128325396,53.26919356888961,44.54925423394667,43.598709754635905,44.164253497105754,45.78133393998427,3.828389238862905,195,17.0,23.0,-7.0,6.0
7304,Salvador Perez,KC,C,Edgar,15,95.59,32,100%,44.80702789996649,46.70961844237514,47.77154067919129,44.541655772416966,40.166366240831294,50.55338462781066,45.75826561043197,3.2043160045909906,196,17.0,8.0,-2.0,-9.0
19249,Seranthony Dominguez,PHI,RP,DN,16,326.12,28,64%,45.179682347200874,45.532362217994596,45.159133416945394,47.00154423258922,46.2866301571168,45.13628752811426,45.715939983326855,0.7006864645485349,197,17.0,28.0,-1.0,11.0
15464,Hunter Renfroe,LAA,OF,Pete,20,148.95,31,100%,45.35798750820677,46.393870220603105,46.850668020153506,44.00258831300192,40.1473900787213,51.12043484344916,45.64548983068929,3.2913633050240936,198,17.0,13.0,3.0,-4.0
7115,Daniel Bard,COL,RP,SS268,11,206.93,37,98%,46.12313106131534,46.45667018221605,46.61713418065263,45.319034629779104,42.64238637723511,46.16768450503132,45.55434015603826,1.3649351938120045,199,17.0,18.0,-6.0,1.0
7859,Charlie Blackmon,COL,OF,TYR,10,292.07,36,77%,44.98692360307048,46.07352261922438,45.7723697232162,43.29004616520497,42.770947290373144,50.36333998238532,45.54285823057908,2.471134702605175,200,17.0,25.0,-7.0,8.0
16376,Michael Conforto,SF,OF,Pete,22,225.55,30,92%,44.032800238907114,45.655908155247474,45.371049142666095,45.62637719364999,46.236829534449654,46.00131350191749,45.4873796278063,0.7074436794758423,201,17.0,19.0,5.0,2.0
sa3008130,Grayson Rodriguez,BAL,SP,uu,1,187.16,23,97%,44.70112059299163,43.3970998230717,42.15969794254296,46.26360244123034,46.48375089274129,49.52113225949081,45.42106732534479,2.3770076514001595,202,17.0,16.0,-16.0,-1.0
16358,Tyler Mahle,MIN,SP,FA,8,217.79,28,94%,42.57641968327543,44.538655273267025,46.0594485485375,44.76539693214131,44.943804898573156,49.48544444165975,45.39486162957569,2.099639882794178,203,17.0,19.0,-9.0,2.0
19716,Dustin May,LAD,SP,Tomy,22,149.46,25,100%,45.55351399012419,45.27908716496147,44.53270799512689,48.31365057218642,44.676056656349246,43.407915209883484,45.29382193143861,1.5113236262588503,204,17.0,13.0,5.0,-4.0
18413,Jose Urquidy,HOU,SP,FA,1,241.59,27,88%,41.20546029869117,42.791627536961755,45.26427043659527,46.679586637597964,46.18278134174166,49.210082334133205,45.22230143095351,2.613858833936881,205,18.0,21.0,-17.0,3.0
19287,Adolis Garcia,TEX,OF,SS268,17,60.85,30,100%,39.79988052693914,45.93968716631358,48.22706418386934,42.374635724518235,39.91897301660751,54.73235202609629,45.16543210739068,5.253602570353004,206,18.0,5.0,-1.0,-13.0
19665,Kyle Wright,ATL,SP,uu,15,101.01,27,100%,43.095001590249986,43.469486967243874,43.78540106695834,45.883588794303776,45.020414436714944,48.685430881923295,44.9898872895657,1.9065532925210837,207,18.0,9.0,-3.0,-9.0
14527,Jorge Lopez,MIN,RP,Tomy,8,326.3,30,65%,48.85855879332551,46.43984847946101,43.52723753183231,44.532639055010016,45.761580285606186,40.46023005014174,44.930015699229465,2.5983720563984907,208,18.0,28.0,-10.0,10.0
1247,Adam Ottavino,NYM,RP,Tomy,12,403.65,37,26%,43.63423687248674,44.15951768285332,43.31467202086709,47.30703612994972,46.953877586273634,43.98335416814804,44.89211574342975,1.608096070965228,209,18.0,34.0,-6.0,16.0
13781,Alex Wood,SF,SP,Tomy,1,318.87,32,66%,47.10878064223533,45.58658935789626,44.063061992593404,45.28359891116749,40.68993919322429,46.52494897187643,44.87615317816553,2.1039403254077844,210,18.0,27.0,-17.0,9.0
11674,Jameson Taillon,CHC,SP,Patron#5,13,223.27,31,92%,43.75663499931483,44.271548988371855,43.91658020806244,46.53272127008122,43.04246857784459,47.56880301512649,44.848126176466906,1.6274681045616881,211,18.0,19.0,-5.0,1.0
6562,Alex Cobb,SF,SP,TYR,20,207.63,35,95%,48.83255542563897,45.498572798531804,42.250343413603545,46.86767412232621,41.5720533313446,43.88506165565369,44.81771012451647,2.54232184492075,212,18.0,18.0,2.0,0.0
17968,Brock Burke,TEX,RP,FA,12,648.73,26,11%,45.789664979467766,44.98775001785611,43.8055549323851,45.598283217374586,48.29151926538424,40.40373594783119,44.81275139338317,2.385991503797991,213,18.0,54.0,-6.0,36.0
17780,Jose Alvarado,PHI,RP,Pete,8,505.94,27,16%,45.00642199168972,45.33353254393518,44.42818641862194,44.23883321190567,44.54291526612505,45.26875643364163,44.80310764431986,0.4215423520045239,214,18.0,43.0,-10.0,25.0
14542,Carlos Estevez,LAA,RP,CR,6,343.5,30,43%,44.17545858588093,44.2796092773278,44.04959711479982,43.163441153701896,47.18588730653031,45.611475438599385,44.7442448128067,1.306049170285792,215,18.0,29.0,-12.0,11.0
21454,Lars Nootbaar,STL,OF,DN,20,172.79,25,99%,45.354838767046616,45.02784950958236,43.85481211332479,46.91430786199742,40.56767188575802,46.47210408759997,44.69859737088486,2.096436568723193,216,18.0,15.0,2.0,-3.0
20151,James Karinchak,CLE,RP,TYR,17,367.76,27,36%,42.48262576535315,44.47595653672804,45.12450347285089,44.711351287181785,46.21569398847106,45.124158238957385,44.68904821492372,1.12722334735094,217,19.0,31.0,-2.0,12.0
11609,Willson Contreras,STL,C,sfernand,25,127.4,30,100%,40.54505741306044,41.749567172258004,41.605804059176734,47.75140051565597,50.265830729131096,45.66206119148425,44.59662018012775,3.5752297016530634,218,19.0,11.0,6.0,-8.0
20367,Brusdar Graterol,LAD,RP,TYR,14,355.83,24,36%,43.776300081651044,44.847877356765494,44.98415134663493,46.85416804465497,47.57255427450062,39.47715783287595,44.5853681561805,2.6155648468716692,219,19.0,30.0,-5.0,11.0
6655,Craig Kimbrel,PHI,RP,SS268,14,290.18,34,82%,44.39472091412726,43.98612368683591,42.95177737183498,45.18870643262876,47.468466051079986,43.419861675188805,44.56827602194929,1.477440479001934,220,19.0,25.0,-5.0,6.0
11899,Joc Pederson,SF,OF,Pete,11,251.33,30,86%,45.69168358221653,44.46701862831966,43.71446137896581,43.51440557803177,44.725605365571234,44.90239550093568,44.50259500567344,0.7328533660260941,221,19.0,21.0,-8.0,2.0
12880,Tyler Anderson,LAA,SP,Patron#5,7,216.0,33,94%,40.9438502725892,42.79020201017483,43.361438087831424,45.324899191345864,48.22940937880249,45.89436751724558,44.42402774299823,2.3581248319496004,222,19.0,18.0,-12.0,-1.0
5933,Jean Segura,MIA,"2B,INF",Patron#5,8,270.1,33,82%,42.64676611708471,44.60993786377226,42.96924894827827,45.49629506180945,44.746350613758565,45.93968674229323,44.40138089116609,1.215003220865423,223,19.0,23.0,-11.0,4.0
22514,Triston Casas,BOS,"1B,INF",FAFO,1,195.87,23,98%,41.52762125806548,46.28768053462555,48.51612485566674,44.12774608211542,38.57652806440916,46.530573797523026,44.261045765400894,3.3458138989038786,224,19.0,17.0,-18.0,-2.0
7146,Daniel Hudson,LAD,RP,FA,8,344.96,36,35%,45.52853152209602,44.748650443323285,43.90437808587579,44.64427039670346,45.424504919543324,41.28691651043248,44.256208646329064,1.4327882525169202,225,19.0,29.0,-11.0,10.0
12988,Andrew Chafin,ARI,RP,W (Tue),2,608.95,32,12%,42.01637592738665,44.107365581412836,45.12318411103675,46.886868962152974,47.976042906445784,39.32474045534678,44.23909632396363,2.9116379546119817,226,19.0,51.0,-17.0,32.0
16622,Luis Urias,MIL,"2B,3B,SS,INF",CR,18,248.74,25,93%,39.59853798831151,43.71104988504759,44.56131070329813,42.191580459872156,44.56198407816908,50.094627724960525,44.1198484732765,3.1732197691176367,227,19.0,21.0,-1.0,2.0
15514,Kendall Graveman,CHW,RP,FAFO,15,279.02,32,80%,43.74171786744334,44.14352703002527,43.8904661440425,45.02897841644237,43.55363155361499,44.219207643285436,44.09625477580898,0.4743084096973458,228,19.0,24.0,-4.0,5.0
13431,Marcus Stroman,CHC,SP,Patron#5,4,242.27,31,89%,42.111447743672485,42.6514254907596,43.41674503355067,45.38106630129555,43.425150457703474,47.56114834517322,44.09116389535916,1.8527087248144212,229,20.0,21.0,-16.0,1.0
10078,Caleb Thielbar,MIN,RP,TCE,14,817.0,36,4%,45.182203973366796,44.00187079295098,42.23210623018106,45.5314128117863,45.964377618814964,41.510041814618596,44.07033554028646,1.678157321829663,230,20.0,69.0,-6.0,49.0
19343,A.J. Puk,MIA,RP,sfernand,15,376.08,27,36%,43.77024478247405,43.43071435427872,43.03127100622932,47.31563609746967,48.14912942982013,38.65153640553587,44.0580886793013,3.1120690941170315,231,20.0,32.0,-5.0,12.0
19238,Lourdes Gurriel Jr.,ARI,OF,Edgar,19,240.46,29,89%,41.13600700900469,44.2346636921806,43.291729850752446,44.443713398752365,42.64282896019428,48.3857808706131,44.022453963582905,2.237186219297402,232,20.0,20.0,-1.0,0.0
14274,Mitch Haniger,SF,OF,SS268,7,177.88,32,97%,43.95629445783596,43.410100004084796,43.43119769119042,43.11712916829024,41.38692611184207,47.31883683404581,43.77008071121488,1.7785080335048107,233,20.0,15.0,-13.0,-5.0
19959,Jesus Luzardo,MIA,SP,Tomy,20,134.01,25,100%,41.98715135172623,43.04336161476688,43.13037828252534,45.729546490453195,42.578891818877736,45.79750673064943,43.711139381499805,1.4980112284159866,234,20.0,12.0,0.0,-8.0
12095,Yimi Garcia,TOR,RP,TCE,8,756.85,32,6%,42.20314306285375,43.074707765739866,43.93592381586154,44.16881541132014,46.52960811007381,42.30149090328109,43.7022815115217,1.464553260879855,235,20.0,63.0,-12.0,43.0
14771,Emilio Pagan,MIN,RP,FA,1,921.58,31,3%,42.65959341781034,42.58772550768806,42.46004161165567,44.0686454841061,47.160224340119925,42.875928283870124,43.635359774208375,1.6643403710794797,236,20.0,77.0,-19.0,57.0
21636,Jeremy Pena,HOU,"SS,INF",uu,21,129.99,25,100%,41.00672028718485,42.77320371819166,42.89744849293566,41.632292950806324,43.168806473225075,50.041332810301846,43.58663412210757,2.9846765810968603,237,20.0,11.0,1.0,-9.0
11445,Mark Canha,NYM,OF,Edgar,10,262.84,34,83%,39.29705572500328,44.01710166387902,45.78413115195455,41.46456406375487,40.27207087409672,50.66644293984955,43.583561069756335,3.8520108475336774,238,20.0,22.0,-10.0,2.0
16258,Aaron Bummer,CHW,RP,FA,1,704.62,29,9%,43.56067629147641,44.0854368631073,44.26347100879949,42.07346419982867,43.90867202220913,42.53538960917423,43.40451833243253,0.8172204759892702,239,20.0,59.0,-19.0,39.0
17092,Domingo Acevedo,OAK,RP,SS268,1,707.57,29,9%,40.904263276255364,42.94451065091093,43.97474731225786,43.9846727209563,44.086676631401154,44.233725246106005,43.35476597298126,1.1735057792688424,240,20.0,59.0,-19.0,39.0
19876,Kevin Ginkel,ARI,RP,FAFO,1,653.01,29,11%,41.97265007181682,43.584688757416636,43.65539741580164,41.80047858360908,44.44184277257932,44.154393432199726,43.26824183890387,1.0202547795625403,241,21.0,55.0,-20.0,34.0
12760,Rafael Montero,HOU,RP,Edgar,20,339.15,32,44%,42.94565668591489,42.632045675366456,42.431947335437826,44.97783904005076,44.40560933514301,41.86946094247731,43.21042650239838,1.1076292223350412,242,21.0,29.0,-1.0,8.0
1246,Matt Bush,MIL,"SP,RP",Tomy,14,646.36,37,10%,44.916548281410925,44.61854349674508,44.22442156439716,45.887868495080994,43.25271582468308,36.273851794111465,43.19565824273812,3.1939284866235322,243,21.0,54.0,-7.0,33.0
17496,Diego Castillo,SEA,RP,DN,9,694.21,29,10%,42.55890062770892,43.60867784273823,44.14196388299245,44.212021613612606,46.392893690882005,38.11242440121044,43.17114700985744,2.5351696298279047,244,21.0,58.0,-12.0,37.0
18577,Ke'Bryan Hayes,PIT,"3B,INF",SS268,17,184.13,26,98%,42.5579032905945,42.10917570323137,38.623684525633514,44.29600685109987,47.098433441284335,44.07717597486304,43.12706329778444,2.5716850047214375,245,21.0,16.0,-4.0,-5.0
30115,Robert Suarez,SD,RP,Tomy,19,467.5,32,18%,41.07554534252287,41.38774325257267,40.91604568608073,46.84132371918959,46.07974429582536,42.366339564491824,43.11112364344717,2.422594708737618,246,21.0,39.0,-2.0,18.0
19447,Patrick Sandoval,LAA,SP,Edgar,22,186.91,26,98%,42.6876417036262,42.51571147339991,41.944339749189325,43.19624350467712,41.79575845436219,46.34034163558694,43.08000608680695,1.5305068474037413,247,21.0,16.0,1.0,-5.0
12768,Sonny Gray,MIN,SP,SS268,16,204.44,33,96%,40.29612955392024,40.91810224392469,42.07064331951109,44.265609860535506,43.80563284729979,46.45409007103484,42.968367982704365,2.1088885228539116,248,21.0,17.0,-5.0,-4.0
15873,Sean Manaea,SF,SP,FAFO,8,217.91,31,95%,44.02472500263577,42.46414197344991,40.43805330435158,44.34893515560403,42.02269335231384,44.31789294669508,42.93607362250837,1.4368862569887229,249,21.0,19.0,-13.0,-2.0
13394,Dylan Floro,MIA,RP,FA,1,320.14,32,59%,41.83959926472015,43.26887653757825,44.25078024813928,44.7769668178404,45.368142671042875,37.8954735286161,42.899973177989516,2.5081581813648044,250,21.0,27.0,-20.0,6.0
19734,Josh Rojas,ARI,"2B,3B,INF",DN,13,202.38,28,97%,38.09408191138346,41.47566370186363,42.34653304008505,40.65661013017636,42.85512263085421,51.88341012076196,42.88523692252078,4.304398332592589,251,21.0,17.0,-8.0,-4.0
19403,Colin Poche,TB,RP,FA,1,810.67,29,6%,40.594183524031244,43.04419288457367,44.264183007222755,42.598564821116874,45.45318050391591,40.96869986822291,42.82050076818056,1.7078334115916902,252,21.0,68.0,-20.0,47.0
7531,Collin McHugh,ATL,RP,sfernand,13,673.67,35,11%,44.96549828214996,45.54360273345599,45.933770131802476,40.49267545521305,40.04744101809569,39.50648806456326,42.74824594754674,2.76190548622473,253,22.0,57.0,-9.0,35.0
6984,Luis Garcia,SD,RP,Pete,7,765.81,36,7%,43.61976317550922,43.516459629439154,42.13199426748386,43.51212521467336,42.25745793553273,41.006306246065094,42.6740177447839,0.9622144639173532,254,22.0,64.0,-15.0,42.0
17586,Tanner Scott,MIA,RP,FA,1,562.19,28,15%,42.46819234300945,42.5068565366324,41.87223377078027,40.70602819126107,43.329348277560676,44.94659792893608,42.638209508029995,1.3020837665670382,255,22.0,47.0,-21.0,25.0
24679,Brendan Donovan,STL,"2B,3B,INF,OF",sfernand,19,278.31,26,88%,43.399087716482725,41.65839426661126,39.39200118353281,42.86786061607004,41.44888665959362,46.945435087517396,42.61861092163465,2.3127890116965104,256,22.0,24.0,-3.0,2.0
16587,Erik Swanson,TOR,RP,FAFO,16,517.18,29,16%,44.80311423627807,45.49104620182133,45.078088267890365,40.47042312023979,41.3012834161762,38.27224960617472,42.56936747476341,2.7171780016578886,257,22.0,44.0,-6.0,22.0
7982,Anthony Bass,TOR,RP,FA,1,682.63,35,10%,39.92986405851166,41.75438575923663,42.06702888361647,43.89080549624275,44.03585925467441,43.671055358079485,42.55816646839357,1.4715795110098628,258,22.0,57.0,-21.0,35.0
17859,Adbert Alzolay,CHC,RP,TYR,9,507.09,28,19%,46.761657085216505,45.68003278772315,43.980399276774804,38.50009326723856,38.42169027608402,41.59649975120734,42.49006207404073,3.2637783794746684,259,22.0,43.0,-13.0,21.0
17232,Yoan Moncada,CHW,"3B,INF",SS268,12,275.02,27,81%,40.46559512027753,42.70666019002264,43.34863742137806,39.20970266710975,41.017872760846345,47.68128994445853,42.404959684015466,2.729958007374849,260,22.0,23.0,-10.0,1.0
13361,Steven Matz,STL,SP,Pete,1,316.85,31,67%,44.64556713022526,42.872725324015605,40.218420144218825,42.45656634631362,42.49720938184084,41.57017161892914,42.37677665759055,1.3368719865885823,261,22.0,27.0,-21.0,5.0
21367,Peter Strzelecki,MIL,RP,FA,1,952.81,28,2%,40.158805758757545,41.521653508852104,42.156431545908475,43.15337895393924,45.40198601853842,41.84132521963937,42.37226350093919,1.6197104325047091,262,22.0,80.0,-21.0,58.0
17479,Jack Flaherty,STL,SP,FAFO,13,203.2,27,96%,39.60671216365904,42.72896876647095,46.179736091875974,40.38782694895364,38.970102246504354,46.28596816937988,42.35988573114064,2.974928990273612,263,22.0,17.0,-9.0,-5.0
25756,Matt Brash,SEA,"SP,RP",uu,11,485.03,24,19%,43.049955313179176,42.17610569201595,41.11904639606116,42.32025841848503,45.438115190218554,39.923080686852124,42.337760282802,1.7059602342006808,264,22.0,41.0,-11.0,19.0
2396,Carlos Santana,PIT,"1B,INF",FA,1,343.83,36,47%,42.30088088177734,42.25755586694318,42.76942878245306,41.910923561735444,35.86039993728954,48.775174144967636,42.3123938625277,3.736508032582904,265,23.0,29.0,-22.0,6.0
13273,Ross Stripling,SF,"SP,RP",TCE,2,269.07,33,85%,42.4009424580573,41.34162234871216,41.06709747928447,44.62678905481506,41.46087116876017,42.97470709618082,42.31200493430166,1.2261848136863172,266,23.0,23.0,-21.0,0.0
20036,Isaac Paredes,TB,"1B,2B,3B,INF",CR,1,323.57,24,65%,40.10647888713033,42.91530959113696,42.33746245998504,39.43057486391245,39.79432499085288,49.27853019923281,42.31044683204175,3.3764572406675972,267,23.0,27.0,-22.0,4.0
11156,Merrill Kelly,ARI,SP,SS268,6,172.23,34,99%,42.24977856911032,41.22136641777553,39.94817613422874,45.03924265834039,40.50962707397819,44.536927488793395,42.25085305703776,1.9319802322160826,268,23.0,15.0,-17.0,-8.0
19260,Jake Fraley,CIN,OF,DN,12,282.98,27,76%,35.86512099423976,42.71382760677077,45.07358401532591,41.20989349990527,44.0053473334588,44.078792218640054,42.15776094472343,3.066239313618376,269,23.0,24.0,-11.0,1.0
27468,Reid Detmers,LAA,SP,uu,24,192.67,23,97%,39.948591014346626,40.214391201172376,40.53411505951074,45.035861168407415,40.491698995384546,46.35415367493901,42.096468518960116,2.580043229485184,270,23.0,16.0,1.0,-7.0
19388,Tony Gonsolin,LAD,SP,SS268,17,160.74,28,99%,38.11246081402302,40.48397945137462,42.76993652005173,43.70973205576318,41.14367496822733,46.10423165909165,42.05400257808859,2.532711905404427,271,23.0,14.0,-6.0,-9.0
19753,Jonathan Loaisiga,NYY,RP,uu,1,623.14,28,12%,42.67104598769509,43.257518985253746,43.74056201001147,42.63544726873731,42.39371113128,37.548136075511124,42.04107024308146,2.058680253859044,272,23.0,52.0,-22.0,29.0
16400,Reynaldo Lopez,CHW,RP,CR,14,363.18,29,32%,46.065218605191646,44.416395749346194,41.83787606628586,40.32008615987122,37.07207457345811,42.47856760752326,42.03170312694604,2.8786805669893716,273,23.0,31.0,-9.0,8.0
19479,Aaron Civale,CLE,SP,FA,1,284.38,27,75%,41.466712770639504,41.0581621233148,40.49817921739188,43.48270179009233,42.48892251193353,43.11418937535023,42.018144631453715,1.0881032378478404,274,23.0,24.0,-22.0,1.0
15491,J.P. Crawford,SEA,"SS,INF",FA,1,331.46,28,48%,40.931777230123764,42.052701962544575,40.50148364299075,39.70613476687568,40.221128021389205,48.576650835966305,41.99831274331505,3.029520066952056,275,23.0,28.0,-22.0,5.0
4106,Michael Brantley,HOU,OF,Pete,18,325.02,35,64%,41.73497326792777,42.23325386521214,43.04318094135687,40.09981031014796,37.07491605604802,47.2115403938211,41.89961247241898,3.059949157132602,276,23.0,28.0,-5.0,5.0
12532,Kolten Wong,SEA,"2B,INF",W (Thu),1,275.84,32,79%,41.29179802306589,41.137309981986526,40.99822678269003,40.761613444688855,41.10368574399759,45.92550994460221,41.86969065350518,1.8208999314711127,277,24.0,23.0,-23.0,-1.0
11281,Whit Merrifield,TOR,"2B,INF,OF",Tomy,9,192.83,34,98%,38.26829118745393,38.7709128238157,37.94992804986432,42.288770479556554,42.89066088010346,50.271620664568566,41.74003068089375,4.27486075377074,278,24.0,16.0,-15.0,-8.0
18519,Phil Bickford,LAD,RP,FA,1,1771.87,27,0%,38.5025101470858,40.31841406274258,41.18258777303838,41.608799550293405,42.60739971253328,46.19567074568346,41.735896998562815,2.3606302873391467,279,24.0,148.0,-23.0,124.0
18548,Sam Hentges,CLE,RP,FA,1,908.77,26,2%,41.786315400427355,41.70668917656287,41.08749478848492,42.01492558112835,39.26611045927988,43.613021630739674,41.57909283943717,1.2895473790228804,280,24.0,76.0,-23.0,52.0
13164,Eduardo Rodriguez,DET,SP,FAFO,7,273.95,29,79%,41.5588956351843,41.097191881891426,39.9029239375239,41.731151123438806,41.081599292248065,44.095828284104805,41.57793169239854,1.2679872112778001,281,24.0,23.0,-17.0,-1.0
16609,Bryan Abreu,HOU,RP,Tomy,12,467.71,25,20%,42.67098907427592,42.19548816355473,41.03816858346303,43.08816953712912,43.26454068997942,37.13299794891679,41.565058999553166,2.111453079986412,282,24.0,39.0,-12.0,15.0
17988,Tyler Stephenson,CIN,C,TYR,24,230.74,26,98%,39.27657287985391,42.023580299400024,43.124113570811446,42.533334245601175,44.11439710661444,37.84098639976084,41.48549741700697,2.2039918273772896,283,24.0,20.0,0.0,-4.0
10047,Wil Myers,CIN,"1B,INF,OF",Patron#5,12,235.73,32,91%,39.483083781540856,44.352764285152375,46.9347827414996,38.141034057254586,36.11976860892521,43.711546878400014,41.45716339212878,3.804658335903806,284,24.0,20.0,-12.0,-4.0
19363,Austin Hays,BAL,OF,Patron#5,9,231.8,27,90%,38.82156072084294,41.9897403902762,43.02902366796571,39.229368163578435,37.64396150840746,47.71822809594824,41.405313757836495,3.3761211849034405,285,24.0,20.0,-15.0,-4.0
14295,Wandy Peralta,NYY,RP,FA,3,839.44,31,3%,40.641624254069995,41.52014380341045,41.118996379094014,41.20584640892652,42.84490998444484,41.01508605692952,41.391101147812556,0.7001994271513833,286,24.0,70.0,-21.0,46.0
12979,Javier Baez,DET,"SS,INF",Edgar,8,181.79,30,98%,37.266270210699695,38.765458353096825,38.92767639346803,40.07579650310941,46.91784466050494,45.98703245415958,41.323346429173085,3.727077773767307,287,24.0,16.0,-16.0,-8.0
25976,Riley Greene,DET,OF,TCE,1,167.05,22,99%,39.44758196904344,40.64642707862488,40.37261746640725,40.91903796141997,40.182340963078,46.36370466394197,41.32195168375258,2.300404165624791,288,24.0,14.0,-23.0,-10.0
20070,Bailey Falter,PHI,SP,FA,1,405.46,25,43%,40.69549053288144,40.19686745049217,40.20155285272044,41.33263982512456,42.004937089061855,43.35337547356716,41.2974772039746,1.1182749780468297,289,25.0,34.0,-24.0,9.0
12144,Max Kepler,MIN,OF,sfernand,11,322.22,30,54%,42.234067461936235,42.10792662368492,40.697839831101916,41.19605631004755,36.79443477155504,44.47183771711096,41.25036045257277,2.3182075200408065,290,25.0,27.0,-14.0,2.0
17149,Domingo German,NYY,SP,FA,1,347.25,30,62%,40.098061926928494,40.585481410793605,41.39438932189605,40.29841674225072,43.40043676696329,41.376062559646286,41.192141454746405,1.1041655704948876,291,25.0,29.0,-24.0,4.0
8048,Will Smith,TEX,RP,SS268,2,652.61,33,8%,38.91865305336049,40.28813417890702,41.043924754524085,41.14604401885174,43.36776365616235,42.36859366135108,41.18885222052613,1.4216996092222471,292,25.0,55.0,-23.0,30.0
9847,Andrew McCutchen,PIT,OF,FA,1,304.45,36,64%,39.685648054189,40.82628964674771,40.962112099452256,40.84724702655188,39.01606866259947,45.67677744930022,41.169023823140094,2.1377278371072284,293,25.0,26.0,-24.0,1.0
15440,Matthew Boyd,DET,RP,Tomy,13,336.03,32,66%,41.89258022386507,42.64331132532109,42.768567382992366,40.069000463526415,38.50397732562558,41.12397695682646,41.16690227969283,1.5038907065828337,294,25.0,28.0,-12.0,3.0
19349,Caleb Ferguson,LAD,RP,FA,1,1663.0,26,1%,40.82598675738207,41.72100403151204,42.113261239319,41.56756870553522,43.77669558819754,36.89511018848109,41.14993775173782,2.1030487005926375,295,25.0,139.0,-24.0,114.0
13580,Steven Okert,MIA,RP,FA,1,1805.0,31,0%,40.264484629643874,41.22277578801955,42.01957893682518,41.903686151598066,44.078451509240764,36.956384308257725,41.07422688726419,2.1695404871869,296,25.0,151.0,-24.0,126.0
3548,Liam Hendriks,CHW,RP,SS268,19,332.97,34,66%,40.39515059549899,39.69825434058997,39.43704907975518,39.298089612752705,37.99737557989304,49.57166393901758,41.06626385791791,3.8700243282549827,297,25.0,28.0,-6.0,3.0
10291,Ryan Tepera,LAA,RP,FA,1,821.3,35,7%,39.34979574487822,40.18730408268447,40.0118153719944,42.703151506158584,44.00496471809782,39.898042805310325,41.02584570485397,1.7078737884079143,298,25.0,69.0,-24.0,44.0
15068,Yency Almonte,LAD,RP,FA,1,1678.29,28,1%,39.291786911184204,40.195438267326026,41.39121277568819,42.31030162880058,42.666018055686315,40.14199201684466,40.99945827592166,1.2211361808458892,299,25.0,140.0,-24.0,115.0
14854,Mike Yastrzemski,SF,OF,FA,1,274.99,32,78%,35.860106897598136,40.18885376588711,42.409517703090074,39.803363742535474,37.87937664829881,49.84319932800119,40.99740301423513,4.442888733642597,300,25.0,23.0,-24.0,-2.0
21170,Dany Jimenez,OAK,RP,SS268,8,646.37,29,10%,39.301172570500896,40.82985158893382,41.90612553381236,41.119264325399804,44.093302072206576,38.52275838207146,40.962079078820814,1.8003179508669633,301,26.0,54.0,-18.0,28.0
22286,Trevor Rogers,MIA,SP,TYR,16,239.25,25,89%,43.55777359227778,40.49732308228266,38.45200493517556,41.46534831942851,38.34563710528075,43.37173119782928,40.948303038712424,2.0879987842630907,302,26.0,20.0,-10.0,-6.0
9761,Joe Kelly,CHW,RP,FA,1,881.05,34,3%,42.75401135806855,42.21264473261961,40.74214677315703,42.72829985047578,44.52569604234155,32.72585135420847,40.94810835181184,3.8400625795304,303,26.0,74.0,-25.0,48.0
15507,Hunter Harvey,WSH,RP,FA,1,700.59,28,9%,42.74534931316093,42.05203342268892,40.17607828796478,43.91754910353031,43.01610713273379,33.651807441667486,40.926487450291035,3.448964955405331,304,26.0,59.0,-25.0,33.0
13594,Robert Stephenson,PIT,RP,FA,1,1625.12,30,2%,39.14015583395289,40.861153144102424,41.43455003031866,39.64424153759535,41.00101575824746,43.01421541122767,40.84922195257408,1.253387020947793,305,26.0,136.0,-25.0,110.0
10061,Brooks Raley,NYM,RP,TCE,12,598.67,34,12%,42.63247218204482,43.557675504457606,43.22305444299806,39.9616669346166,34.24162535800957,41.1992261875125,40.80262010160653,3.180889339791774,306,26.0,50.0,-14.0,24.0
18498,Kenta Maeda,MIN,SP,Pete,13,281.24,34,79%,43.0021367418662,40.00615733400524,37.947453023124496,42.96225657802373,43.18141483043068,37.33021111691244,40.738271604060465,2.448798320650384,307,26.0,24.0,-13.0,-2.0
21205,Connor Brogdon,PHI,RP,FA,1,1703.59,28,1%,39.51305381339587,40.73495931340279,41.20908482795894,42.25825544908748,43.75334679580687,36.61880209043249,40.68125038168074,2.238838409888637,308,26.0,142.0,-25.0,116.0
6632,Carlos Carrasco,NYM,SP,FAFO,2,233.47,36,90%,43.6773503917787,40.453616621695545,36.27511096306867,43.085773373766436,41.340138359411675,38.809545718235285,40.60692257132605,2.5208626753857817,309,26.0,20.0,-24.0,-6.0
18064,Phil Maton,HOU,RP,FA,1,1763.2,30,0%,38.16613362816509,39.72786134092384,41.064841556722776,39.57992326049907,41.55281820925328,43.43570429467653,40.58788038170676,1.6777547327593012,310,26.0,147.0,-25.0,121.0
10133,Brad Boxberger,CHC,RP,FA,1,552.44,34,15%,38.44378685689652,39.650507734333374,40.415760261045676,41.414591876264254,41.89623940656281,41.661524095091394,40.58040170503234,1.228349864108395,311,26.0,46.0,-25.0,20.0
15046,Trevor Gott,SEA,RP,FA,1,2148.2,30,0%,39.73123826440017,40.727708333196695,41.2109477835747,39.87884182707697,41.609976789406005,39.41778639525712,40.429416565485276,0.8069977849857897,312,26.0,179.0,-25.0,153.0
20970,Oscar Gonzalez,CLE,OF,Tomy,1,196.43,25,96%,39.77817408517608,39.7352848269271,37.331531830641524,38.93372978646274,40.40947333765306,46.15883655319767,40.39117173667636,2.755533207212498,313,27.0,17.0,-26.0,-10.0
15288,Adam Cimber,TOR,RP,FA,1,771.76,32,7%,37.75793928026134,38.89770280968589,40.257391186100996,41.137933263375864,41.33252026426135,42.962357606004325,40.39097406828163,1.694945732142863,314,27.0,65.0,-26.0,38.0
14078,Michael Wacha,SD,SP,FA,1,331.05,31,65%,40.16177544378671,39.742914408616215,39.48517312202895,41.06884372196741,40.292571899971634,41.021538339871235,40.295469489373694,0.5923207877149421,315,27.0,28.0,-26.0,1.0
11384,Tommy Kahnle,NYY,RP,FA,1,825.48,33,5%,40.20538890918968,41.09963845081277,41.59387519066421,41.73959771109848,41.40283378060379,35.63428732651468,40.27927022814727,2.136097151655127,316,27.0,69.0,-26.0,42.0
14221,Jorge Soler,MIA,OF,Pete,14,287.82,31,74%,40.964741703762016,41.47052893159028,41.479312500418565,36.47317932152314,34.9762379222406,45.812191290919586,40.1960319450757,3.570928762028217,317,27.0,24.0,-13.0,-3.0
19316,Eric Lauer,MIL,SP,FA,1,247.63,27,86%,38.09013928575983,39.83025449073368,40.42029657261198,40.80322157866606,36.69636529659384,45.178796073598946,40.16984554966073,2.6476102923244538,318,27.0,21.0,-26.0,-6.0
18403,Enyel De Los Santos,CLE,RP,FA,1,1646.15,27,1%,41.00774218623644,40.73831830357214,39.93142233915538,40.83720702345341,41.98978740371093,36.352192160888585,40.142778236169484,1.7985975518768433,319,27.0,138.0,-26.0,111.0
17192,Jalen Beeks,TB,"SP,RP",sfernand,7,799.04,29,6%,44.30524600756615,43.30883825097628,41.558528806980306,37.313273138211514,35.25821741909464,38.971283753030136,40.11923122930984,3.229771139310341,320,27.0,67.0,-20.0,40.0
18030,Harrison Bader,NYY,OF,FA,1,219.93,28,91%,36.75901252331213,42.533450853091566,42.73028959729341,40.014400286808936,35.814257380884165,42.75720673998167,40.10143623022864,2.8704806836164742,321,27.0,19.0,-26.0,-8.0
25880,Hunter Brown,HOU,RP,FAFO,1,210.62,24,96%,39.59350049233256,38.80162637178749,37.03445384487237,39.799027620801965,41.7634866782528,43.56006029737831,40.09202588423758,2.0884323108912755,322,27.0,18.0,-26.0,-9.0
19362,Keegan Akin,BAL,RP,FA,1,912.36,27,2%,44.75584418130443,42.00768147969311,38.982776904058014,39.913451962846715,39.1341685183847,35.72161154842568,40.08592243245211,2.7898939078135987,323,27.0,76.0,-26.0,49.0
20126,Dylan Carlson,STL,OF,FA,1,288.35,24,74%,36.793740966998776,38.81437880031124,37.87195741587189,37.639044493879354,38.725634399393186,50.59086416312762,40.07260337326368,4.753021050948766,324,27.0,24.0,-26.0,-3.0
15149,Trey Mancini,CHC,"1B,INF,OF",Tomy,16,272.12,31,87%,37.966493455273636,38.26510589550506,39.30495812085564,37.00367037467021,38.79745344276774,48.62423923817686,39.99365342120819,3.92490891282622,325,28.0,23.0,-12.0,-5.0
16647,Ryan Thompson,TB,RP,FA,1,1970.53,30,0%,38.571076005462004,40.25225886905381,41.19816868362674,40.50137869010184,41.42330080359764,37.955070664169256,39.98354228600188,1.2908874939653854,326,28.0,165.0,-27.0,137.0
5827,Wilmer Flores,SF,"1B,2B,3B,INF",FA,1,310.44,31,69%,35.0627025128601,37.41140116716175,39.09822430858942,38.09220448319496,39.553546008837415,49.48691583720622,39.78416571964165,4.572599920075418,327,28.0,26.0,-27.0,-2.0
17620,Myles Straw,CLE,OF,FA,1,339.97,28,49%,35.5072588778753,39.390902433292275,38.376130118475736,37.113759884955485,38.649732262748145,49.493968977394694,39.75529209245694,4.529945477521866,328,28.0,29.0,-27.0,1.0
10233,Aroldis Chapman,KC,RP,SS268,18,357.38,35,49%,41.00660690739628,40.023509172200335,38.63379517021276,39.63457392479831,39.995214430150774,38.61128102390338,39.65083010477697,0.8377457452827419,329,28.0,30.0,-10.0,2.0
10343,Aaron Loup,LAA,RP,FA,1,1575.05,35,1%,37.65268302368462,39.07116789194455,39.72057718597732,40.59157449004199,40.16938564214859,40.47063750277418,39.61267095609521,1.0124814388247925,330,28.0,132.0,-27.0,104.0
11762,Noah Syndergaard,LAD,SP,SS268,9,262.85,30,87%,34.82766696052911,38.866773324588735,43.1057554056588,38.85004993258398,35.84968988758839,46.115255351641714,39.60253181043179,3.9302007972674824,331,28.0,22.0,-19.0,-6.0
14120,Lance McCullers Jr.,HOU,SP,Tomy,2,263.38,29,83%,37.45301259122715,39.788780395492616,41.10096606957138,37.4764663873209,35.66653174350135,45.908052686611306,39.565634978954115,3.3332692313316,332,28.0,22.0,-26.0,-6.0
14894,Tony Kemp,OAK,"2B,INF,OF",FA,1,389.58,31,39%,40.78405547004816,40.5952132339793,39.70221675602287,37.91394368680529,35.2322393952743,42.74497363452717,39.49544036277618,2.385660860549989,333,28.0,33.0,-27.0,5.0
5615,Ryan Brasier,BOS,RP,FA,1,1756.49,35,1%,39.9605292037553,40.17044561148241,39.045945783479155,39.87721334659218,39.433648696502665,38.41291784237924,39.483450080698496,0.6047790670670611,334,28.0,147.0,-27.0,119.0
15042,Tim Mayza,TOR,RP,FA,1,1671.77,31,1%,39.87852530685485,40.195636673771595,40.58815413799231,40.75563833960298,39.96983459288331,34.84129497361803,39.37151400412051,2.0499237391677085,335,28.0,140.0,-27.0,112.0
12863,Matt Barnes,MIA,RP,FA,1,723.23,32,8%,40.36752244532504,40.93930068411733,40.356486970902736,39.104447750644866,40.82121659310617,34.581836831236835,39.36180187922216,2.2186168019247883,336,28.0,61.0,-27.0,33.0
20203,Eli Morgan,CLE,RP,FA,1,888.14,26,4%,41.7281569263489,40.90569682336913,38.97981431340227,37.269761292890145,38.2478265434043,38.923684763838885,39.34249011054227,1.5240541390247688,337,29.0,74.0,-28.0,45.0
13218,Michael Fulmer,CHC,RP,sfernand,1,398.56,30,24%,41.872690531994664,41.82573634416801,41.658075909823495,34.58048301261416,38.41586445678775,37.48692499134514,39.306629207788866,2.7356021948797116,338,29.0,34.0,-28.0,5.0
13607,Carl Edwards Jr.,WSH,RP,FA,1,901.8,31,3%,37.78888053613477,38.924060532686184,39.41973484091555,38.73662544015191,40.25412612803811,40.613480722334536,39.28948470004351,0.9479332510713363,339,29.0,76.0,-28.0,47.0
4314,Joey Votto,CIN,"1B,INF",FA,1,375.63,39,45%,38.129211673648975,39.19952009590745,40.800396261616676,39.548754058882864,36.43584755367055,41.383750908403115,39.2495800920216,1.6443865685665668,340,29.0,32.0,-28.0,3.0
sa3010868,Anthony Volpe,NYY,"SS,INF",uu,1,192.65,21,85%,35.046992665533296,42.766984345111844,44.28751453342658,31.568219620077922,26.77626928300867,54.83308586795067,39.213177719184834,9.245171171147787,341,29.0,16.0,-28.0,-13.0
19610,Keibert Ruiz,WSH,C,Patron#5,14,245.93,24,88%,39.866615658415235,40.24780099998966,39.085137970954364,38.02448095355838,34.89611826100493,43.105957018786164,39.20435181045145,2.4737652243837425,342,29.0,21.0,-15.0,-8.0
15998,Cody Bellinger,CHC,OF,Tomy,20,175.33,27,99%,35.77933793862064,39.06730330676112,40.37241304562424,35.921261706933194,35.28676511657998,48.70796879873356,39.18917498554212,4.646815923106331,343,29.0,15.0,-9.0,-14.0
17796,Dillon Tate,BAL,RP,FA,1,837.57,28,5%,36.98390226119519,37.883684869229654,38.07098065923972,39.936903246218954,40.57517293551871,41.48380483481631,39.15574146770309,1.610206922394168,344,29.0,70.0,-28.0,41.0
15541,Tyler Rogers,SF,RP,Patron#5,10,590.11,32,12%,36.308352532939935,38.04524864552907,39.5009440698384,40.170650189348585,40.71942075344649,40.181794664553365,39.154401809275974,1.526864428986532,345,29.0,50.0,-19.0,21.0
27463,Garrett Crochet,CHW,RP,FA,1,876.8,23,4%,40.75720715399732,39.03706730392693,37.25657774839229,37.68390588010168,39.93643476849307,40.11494100206174,39.131022309495506,1.2830808163114993,346,29.0,73.0,-28.0,44.0
17128,Ramon Laureano,OAK,OF,FA,1,224.09,28,88%,38.088158618370585,39.899059024855966,39.70146344802737,37.15902908661157,39.916846968127096,39.69092094871648,39.07591301578484,1.0649248888093246,347,29.0,19.0,-28.0,-10.0
12857,Shawn Armstrong,TB,RP,FA,1,1746.6,32,0%,39.72948622301014,39.78216083352748,38.32142374939506,40.61757977768214,40.90567181372682,35.048350876523195,39.067445545644134,1.9765617551302612,348,29.0,146.0,-28.0,117.0
15279,Garrett Cooper,MIA,"1B,INF",TCE,9,417.79,32,31%,38.74947897255837,40.862021610810906,39.563721405031444,37.02222604592709,38.64973954561546,39.302845723375206,39.02500555055308,1.152526438810162,349,30.0,35.0,-21.0,5.0
10430,Mychal Givens,BAL,RP,FA,1,779.83,32,6%,38.69513138802709,39.32535625477772,38.56391619114153,40.33237111589836,43.14240043628357,33.87658555907099,38.989293490866544,2.75597389241182,350,30.0,65.0,-29.0,35.0
19522,TJ Friedl,CIN,OF,FA,1,364.52,27,47%,32.6332007383476,37.74024872377859,38.7966892294933,39.24176759674998,37.35400406569416,47.42607693092437,38.86533121416466,4.3935967408396035,351,30.0,31.0,-29.0,1.0
17277,Ranger Suarez,PHI,SP,FA,1,259.94,27,80%,35.80586364089042,38.20807933805543,39.509689031176,39.05233440190219,35.27595246357606,44.9576169158405,38.80158929857343,3.168009252520544,352,30.0,22.0,-29.0,-8.0
3516,Eric Hosmer,CHC,"1B,INF",FA,1,444.88,33,24%,37.50570335461738,38.158251363383414,37.779238022862,37.50716450830204,36.5165971379342,45.2829200323758,38.791645736579135,2.9451141957423435,353,30.0,37.0,-29.0,7.0
20253,Griffin Jax,MIN,RP,CR,9,766.43,28,9%,42.1105114355879,41.288633136659996,39.53362079575499,36.13902076949895,36.78625937063138,36.84520240100909,38.78387465152372,2.3326171140792438,354,30.0,64.0,-21.0,34.0
12447,Seth Lugo,SD,RP,DN,1,418.96,33,37%,36.13484407331015,39.320252418359566,43.42991979185194,39.0939115542286,37.375866989951405,37.15646672160841,38.75187692488501,2.3668446455992105,355,30.0,35.0,-29.0,5.0
27465,Spencer Torkelson,DET,"1B,INF",uu,17,269.22,23,87%,35.365131627709836,39.0557947264537,40.02126057450995,36.20207431429635,34.80211374225798,46.77674129181359,38.70385271284024,4.075546533855498,356,30.0,23.0,-13.0,-7.0
13621,Jeimer Candelario,WSH,"3B,INF",FA,1,342.88,29,49%,36.20523924236426,39.031366359665654,40.05026713913078,35.94854967478317,34.745320046869296,46.13144817953417,38.68536510705789,3.798946468815544,357,30.0,29.0,-29.0,-1.0
16933,Elieser Hernandez,NYM,"SP,RP",FA,1,867.4,27,4%,40.51889555922162,39.313730292983664,37.935645738701695,34.11887014282033,35.900044701296935,44.29287557683479,38.68001033530984,3.2755061569553328,358,30.0,73.0,-29.0,43.0
20503,William Contreras,MIL,C,FAFO,20,158.64,25,99%,39.019858739730005,37.663466583982405,37.28119792027001,39.82754042541234,36.69514182113181,41.49370292829921,38.66348473647096,1.647082778248997,359,30.0,14.0,-10.0,-16.0
19614,Cionel Perez,BAL,RP,Tomy,10,696.11,26,8%,40.52067747041014,39.31778581024064,38.00114923037775,39.52988410271224,41.70761163805157,32.818543995082734,38.64927537447918,2.8429867029248514,360,30.0,58.0,-20.0,28.0
